代码,名称,行业,命中层数,永久黑名单,财务差,退市风险,保壳,长期下跌,横盘,流动性,次新股,低价股,理由
002717,*ST岭南,环境治理,5,✓,✓,✓,,✓,,,,✓,新闻复核入永久黑名单；连续4年亏损（2022-2025）；净资产-16.3亿（资不抵债）；资产负债率114%（高杠杆）；退市风险：2025年营收1.12亿（低于3亿线）且扣非前后孰低为负（-27.76亿）；长期下跌：近1年跑输大盘30%、近2年跑输56%，且现价位于年线下方；股价0.93元低于2.0元预警线（逼近面值退市）
688496,*ST清越,光学光电,5,✓,✓,,,✓,,✓,,✓,新闻复核入永久黑名单；连续3年亏损（2023-2025）；长期下跌：近1年跑输大盘83%、近2年跑输132%，且现价位于年线下方；流动性枯竭：近60日日均成交额0.10亿（低于0.2亿）；其他：*ST清越（触及交易类强制退市，9月11日起停牌）；股价0.58元低于2.0元预警线（逼近面值退市）
002024,ST易购,电子商务,4,,✓,,✓,✓,,,,✓,扣非连续10年亏损（主业不赚钱）；资产负债率89%（高杠杆）；保壳特征：扣非连亏2年，靠非经常性损益维持账面盈利；多年阴跌：近3年跑输大盘43%、近2年跑输45%、近1年仍跑输，现价在年线下方；股价1.18元低于2.0元预警线（逼近面值退市）
002227,*ST特迅,其他发电设备,4,,✓,✓,,✓,,✓,,,连续5年亏损（2021-2025）；退市风险：2025年营收2.78亿（低于3亿线）且扣非前后孰低为负（-0.77亿）；长期下跌：近1年跑输大盘39%、近2年跑输52%，且现价位于年线下方；流动性枯竭：近60日日均成交额0.19亿（低于0.2亿）
300152,*ST动力,环保设备,4,✓,✓,,,✓,,,,✓,新闻复核入永久黑名单；连续5年亏损（2021-2025）；长期下跌：近1年跑输大盘29%、近2年跑输46%，且现价位于年线下方；股价1.71元低于2.0元预警线（逼近面值退市）
600053,*ST九鼎,多元金融,4,,✓,✓,,✓,,✓,,,连续3年亏损（2023-2025）；退市风险：2025年营收2.81亿（低于3亿线）且扣非前后孰低为负（-3.58亿）；长期下跌：近1年跑输大盘43%、近2年跑输73%，且现价位于年线下方；流动性枯竭：近60日日均成交额0.17亿（低于0.2亿）
600119,*ST长投,物流,4,,✓,✓,,✓,,✓,,,扣非连续9年亏损（主业不赚钱）；退市风险：2025年营收2.04亿（低于3亿线）且扣非前后孰低为负（-0.46亿）；长期下跌：近1年跑输大盘31%、近2年跑输55%，且现价位于年线下方；流动性枯竭：近60日日均成交额0.12亿（低于0.2亿）
601718,ST际华,服装家纺,4,✓,✓,,,✓,,,,✓,新闻复核入永久黑名单；扣非连续10年亏损（主业不赚钱）；长期下跌：近1年跑输大盘34%、近2年跑输56%，且现价位于年线下方；股价1.99元低于2.0元预警线（逼近面值退市）
603359,*ST东珠,基础建设,4,,✓,✓,,✓,,✓,,,连续3年亏损（2023-2025）；退市风险：2025年营收2.84亿（低于3亿线）且扣非前后孰低为负（-10.79亿）；长期下跌：近1年跑输大盘54%、近2年跑输64%，且现价位于年线下方；流动性枯竭：近60日日均成交额0.20亿（低于0.2亿）
920023,*ST田野,农产品加工,4,✓,,,,✓,,✓,,✓,新闻复核入永久黑名单；长期下跌：近1年跑输大盘57%、近2年跑输80%，且现价位于年线下方；流动性枯竭：近60日日均成交额0.14亿（低于0.2亿）；股价1.49元低于2.0元预警线（逼近面值退市）
000010,*ST美丽,基础建设,3,,✓,,,✓,,,,✓,资产负债率88%（高杠杆）；长期下跌：近1年跑输大盘54%、近2年跑输40%，且现价位于年线下方；股价1.71元低于2.0元预警线（逼近面值退市）
000069,华侨城Ａ,房地产开发,3,,✓,,,✓,,,,✓,连续4年亏损（2022-2025）；多年阴跌：近3年跑输大盘54%、近2年跑输45%、近1年仍跑输，现价在年线下方；股价1.83元低于2.0元预警线（逼近面值退市）
000078,ST海王,医药商业,3,,✓,,,✓,,,,✓,连续4年亏损（2022-2025）；资产负债率92%（高杠杆）；长期下跌：近1年跑输大盘30%、近2年跑输72%，且现价位于年线下方；股价1.52元低于2.0元预警线（逼近面值退市）
000639,ST西王,农产品加工,3,,✓,,,✓,,,,✓,连续4年亏损（2022-2025）；长期下跌：近1年跑输大盘33%、近2年跑输63%，且现价位于年线下方；股价1.71元低于2.0元预警线（逼近面值退市）
000656,金科股份,房地产开发,3,,✓,,,,✓,,,✓,扣非连续4年亏损（主业不赚钱）；长期横盘：近2年涨跌+1.3%、近1年-4.3%，区间振幅仅18%（没有交易价值）；股价1.24元低于2.0元预警线（逼近面值退市）
000909,*ST数源,房地产开发,3,✓,✓,✓,,,,,,,新闻复核入永久黑名单；连续4年亏损（2022-2025）；退市风险：2025年营收2.70亿（低于3亿线）且扣非前后孰低为负（-4.37亿）
002323,*ST雅博,专业工程,3,,✓,✓,,,,,,✓,连续3年亏损（2023-2025）；退市风险：2025年营收2.93亿（低于3亿线）且扣非前后孰低为负（-1.78亿）；股价1.26元低于2.0元预警线（逼近面值退市）
002431,ST棕榈,基础建设,3,,✓,,,✓,,,,✓,连续5年亏损（2021-2025）；资产负债率98%（高杠杆）；长期下跌：近1年跑输大盘33%、近2年跑输50%，且现价位于年线下方；问询处罚：ST棕榈（涉1.42亿元建设工程施工合同纠纷）；股价1.38元低于2.0元预警线（逼近面值退市）
002456,欧菲光,消费电子,3,,✓,,✓,✓,,,,,扣非连续6年亏损（主业不赚钱）；保壳特征：扣非连亏2年，靠非经常性损益维持账面盈利；长期下跌：近1年跑输大盘35%、近2年跑输50%，且现价位于年线下方
002482,广田集团,装修装饰,3,,✓,,,✓,,,,✓,扣非连续6年亏损（主业不赚钱）；资产负债率86%（高杠杆）；多年阴跌：近3年跑输大盘42%、近2年跑输52%、近1年仍跑输，现价在年线下方；股价1.37元低于2.0元预警线（逼近面值退市）
002501,*ST利源,工业金属,3,,✓,✓,,,,,,✓,连续5年亏损（2021-2025）；退市风险：2025年营收2.24亿（低于3亿线）且扣非前后孰低为负（-1.82亿）；股价1.30元低于2.0元预警线（逼近面值退市）
002514,*ST宝馨,通用设备,3,,✓,✓,,✓,,,,,连续3年亏损（2023-2025）；净资产-0.8亿（资不抵债）；资产负债率106%（高杠杆）；退市风险：2025年营收2.23亿（低于3亿线）且扣非前后孰低为负（-2.26亿）；长期下跌：近1年跑输大盘50%、近2年跑输76%，且现价位于年线下方
002581,*ST未名,生物制品,3,,✓,✓,,✓,,,,,连续4年亏损（2022-2025）；退市风险：2025年营收2.75亿（低于3亿线）且扣非前后孰低为负（-1.31亿）；多年阴跌：近3年跑输大盘76%、近2年跑输78%、近1年仍跑输，现价在年线下方
002607,中公教育,教育培训,3,✓,✓,,,✓,,,,,新闻复核入永久黑名单；资产负债率86%（高杠杆）；多年阴跌：近3年跑输大盘53%、近2年跑输35%、近1年仍跑输，现价在年线下方
002630,*ST华西,其他发电设备,3,,✓,,,✓,,,,✓,连续6年亏损（2020-2025）；净资产-1.1亿（资不抵债）；资产负债率100%（高杠杆）；长期下跌：近1年跑输大盘27%、近2年跑输70%，且现价位于年线下方；股价1.69元低于2.0元预警线（逼近面值退市）
002691,*ST冀凯,专用设备,3,,✓,,,✓,,✓,,,连续3年亏损（2023-2025）；长期下跌：近1年跑输大盘37%、近2年跑输35%，且现价位于年线下方；流动性枯竭：近60日日均成交额0.13亿（低于0.2亿）
002694,*ST顾地,装饰建材,3,,✓,,,✓,,✓,,,扣非连续8年亏损（主业不赚钱）；净资产-0.8亿（资不抵债）；资产负债率107%（高杠杆）；长期下跌：近1年跑输大盘31%、近2年跑输66%，且现价位于年线下方；流动性枯竭：近60日日均成交额0.10亿（低于0.2亿）
002731,*ST萃华,饰品,3,✓,,,,✓,,,,✓,新闻复核入永久黑名单；长期下跌：近1年跑输大盘86%、近2年跑输134%，且现价位于年线下方；股价0.77元低于2.0元预警线（逼近面值退市）
002932,*ST明德,生物制品,3,,✓,✓,,,,✓,,,扣非连续3年亏损（主业不赚钱）；退市风险：2025年营收2.65亿（低于3亿线）且扣非前后孰低为负（-1.17亿）；流动性枯竭：近60日日均成交额0.19亿（低于0.2亿）
300027,ST华谊,影视院线,3,,✓,,,✓,,,,✓,连续8年亏损（2018-2025）；净资产-0.6亿（资不抵债）；资产负债率100%（高杠杆）；多年阴跌：近3年跑输大盘46%、近2年跑输77%、近1年仍跑输，现价在年线下方；股价1.82元低于2.0元预警线（逼近面值退市）
300081,ST恒信,电信服务,3,✓,✓,,,✓,,,,,新闻复核入永久黑名单；连续6年亏损（2020-2025）；长期下跌：近1年跑输大盘25%、近2年跑输67%，且现价位于年线下方
300942,易瑞生物,生物制品,3,,✓,,✓,✓,,,,,扣非连续3年亏损（主业不赚钱）；保壳特征：扣非连亏2年，靠非经常性损益维持账面盈利；长期下跌：近1年跑输大盘41%、近2年跑输49%，且现价位于年线下方
301152,天力锂能,电池,3,✓,✓,,,✓,,,,,新闻复核入永久黑名单；连续3年亏损（2023-2025）；多年阴跌：近3年跑输大盘64%、近2年跑输55%、近1年仍跑输，现价在年线下方
600084,*ST尼雅,酿酒,3,,,✓,,✓,,✓,,,退市风险：2025年营收1.23亿（低于3亿线）且扣非前后孰低为负（-0.30亿）；多年阴跌：近3年跑输大盘56%、近2年跑输50%、近1年仍跑输，现价在年线下方；流动性枯竭：近60日日均成交额0.18亿（低于0.2亿）
600107,*ST尔雅,服装家纺,3,,✓,✓,,,,✓,,,连续4年亏损（2022-2025）；退市风险：2025年营收2.36亿（低于3亿线）且扣非前后孰低为负（-0.93亿）；流动性枯竭：近60日日均成交额0.12亿（低于0.2亿）
600136,ST明诚,房产服务,3,,✓,,,,,✓,,✓,扣非连续7年亏损（主业不赚钱）；流动性枯竭：近60日日均成交额0.17亿（低于0.2亿）；股价1.52元低于2.0元预警线（逼近面值退市）
600187,*ST国中,水务,3,,,✓,,✓,,,,✓,退市风险：2025年营收2.23亿（低于3亿线）且扣非前后孰低为负（-2.15亿）；长期下跌：近1年跑输大盘44%、近2年跑输100%，且现价位于年线下方；股价1.34元低于2.0元预警线（逼近面值退市）
600239,ST云城,房地产开发,3,,✓,,,✓,,,,✓,连续7年亏损（2019-2025）；多年阴跌：近3年跑输大盘52%、近2年跑输59%、近1年仍跑输，现价在年线下方；股价1.48元低于2.0元预警线（逼近面值退市）
600375,汉马科技,商用车,3,,✓,,✓,✓,,,,,扣非连续7年亏损（主业不赚钱）；保壳特征：扣非连亏2年，靠非经常性损益维持账面盈利；长期下跌：近1年跑输大盘32%、近2年跑输49%，且现价位于年线下方
600476,*ST湘邮,软件服务,3,,✓,,,✓,,✓,,,连续4年亏损（2022-2025）；净资产-4.4亿（资不抵债）；资产负债率209%（高杠杆）；长期下跌：近1年跑输大盘33%、近2年跑输55%，且现价位于年线下方；流动性枯竭：近60日日均成交额0.17亿（低于0.2亿）
600491,ST龙元,房屋建设,3,,✓,,,✓,,,,✓,连续3年亏损（2023-2025）；长期下跌：近1年跑输大盘35%、近2年跑输70%，且现价位于年线下方；股价1.73元低于2.0元预警线（逼近面值退市）
600518,康美药业,中药,3,,✓,,✓,,,,,✓,扣非连续7年亏损（主业不赚钱）；保壳特征：扣非连亏2年，靠非经常性损益维持账面盈利；股价1.40元低于2.0元预警线（逼近面值退市）
600543,*ST莫高,酿酒,3,,✓,✓,,,,✓,,,连续5年亏损（2021-2025）；退市风险：2025年营收2.04亿（低于3亿线）且扣非前后孰低为负（-1.07亿）；流动性枯竭：近60日日均成交额0.10亿（低于0.2亿）
600567,山鹰国际,造纸,3,,✓,,,✓,,,,✓,扣非连续4年亏损（主业不赚钱）；多年阴跌：近3年跑输大盘42%、近2年跑输45%、近1年仍跑输，现价在年线下方；股价1.36元低于2.0元预警线（逼近面值退市）
600606,绿地控股,房地产开发,3,,✓,,,✓,,,,✓,连续3年亏损（2023-2025）；资产负债率92%（高杠杆）；多年阴跌：近3年跑输大盘47%、近2年跑输43%、近1年仍跑输，现价在年线下方；股价1.32元低于2.0元预警线（逼近面值退市）
600715,文投控股,影视院线,3,,✓,,,✓,,,,✓,连续6年亏损（2020-2025）；长期下跌：近1年跑输大盘30%、近2年跑输41%，且现价位于年线下方；股价1.70元低于2.0元预警线（逼近面值退市）
600734,*ST实达,云服务,3,✓,,✓,,✓,,,,,新闻复核入永久黑名单；退市风险：2025年营收0.88亿（低于3亿线）且扣非前后孰低为负（-1.46亿）；长期下跌：近1年跑输大盘36%、近2年跑输67%，且现价位于年线下方
603363,傲农生物,饲料,3,,✓,,✓,✓,,,,,扣非连续5年亏损（主业不赚钱）；保壳特征：扣非连亏2年，靠非经常性损益维持账面盈利；多年阴跌：近3年跑输大盘72%、近2年跑输51%、近1年仍跑输，现价在年线下方
603718,*ST海利,医疗器械,3,,✓,✓,,✓,,,,,商誉5.6亿占净资产63%（减值风险）；退市风险：2025年营收1.88亿（低于3亿线）且扣非前后孰低为负（-6.16亿）；长期下跌：近1年跑输大盘43%、近2年跑输89%，且现价位于年线下方
605199,ST葫芦娃,中药,3,,✓,,,✓,,✓,,,资产负债率86%（高杠杆）；多年阴跌：近3年跑输大盘67%、近2年跑输82%、近1年仍跑输，现价在年线下方；流动性枯竭：近60日日均成交额0.11亿（低于0.2亿）
688066,*ST航图,软件服务,3,✓,✓,,,✓,,,,,新闻复核入永久黑名单；连续3年亏损（2023-2025）；净资产-13.7亿（资不抵债）；资产负债率134%（高杠杆）；长期下跌：近1年跑输大盘63%、近2年跑输71%，且现价位于年线下方
688083,中望软件,软件服务,3,,✓,,✓,✓,,,,,扣非连续4年亏损（主业不赚钱）；保壳特征：扣非连亏2年，靠非经常性损益维持账面盈利；多年阴跌：近3年跑输大盘58%、近2年跑输32%、近1年仍跑输，现价在年线下方
688121,*ST卓然,专用设备,3,✓,,,,✓,,,,✓,新闻复核入永久黑名单；长期下跌：近1年跑输大盘76%、近2年跑输123%，且现价位于年线下方；股价1.55元低于2.0元预警线（逼近面值退市）
688189,ST南新,化学制药,3,✓,✓,,,✓,,,,,新闻复核入永久黑名单；连续5年亏损（2021-2025）；长期下跌：近1年跑输大盘46%、近2年跑输39%，且现价位于年线下方
688793,倍轻松,小家电,3,✓,✓,,,✓,,,,,新闻复核入永久黑名单；扣非连续4年亏损（主业不赚钱）；长期下跌：近1年跑输大盘34%、近2年跑输82%，且现价位于年线下方
920090,*ST同辉,IT设备,3,,✓,✓,,,,✓,,,连续4年亏损（2022-2025）；退市风险：2025年营收0.33亿（低于0.5亿线）且扣非前后孰低为负（-0.61亿）；流动性枯竭：近60日日均成交额0.18亿（低于0.2亿）
920575,*ST康乐,生物制品,3,,✓,✓,,✓,,,,,连续3年亏损（2023-2025）；净资产-1.2亿（资不抵债）；资产负债率110%（高杠杆）；退市风险：2025年营收0.01亿（低于0.5亿线）且扣非前后孰低为负（-5.80亿）；长期下跌：近1年跑输大盘59%、近2年跑输112%，且现价位于年线下方
920719,宁新新材,非金属材料,3,,✓,,,✓,,✓,,,资产负债率95%（高杠杆）；长期下跌：近1年跑输大盘47%、近2年跑输50%，且现价位于年线下方；流动性枯竭：近60日日均成交额0.17亿（低于0.2亿）
920985,海泰新能,光伏设备,3,,✓,,,✓,,✓,,,资产负债率91%（高杠杆）；长期下跌：近1年跑输大盘38%、近2年跑输43%，且现价位于年线下方；流动性枯竭：近60日日均成交额0.13亿（低于0.2亿）
000016,*ST康佳A,黑色家电,2,,✓,,,✓,,,,,连续4年亏损（2022-2025）；净资产-62.3亿（资不抵债）；资产负债率133%（高杠杆）；长期下跌：近1年跑输大盘50%、近2年跑输62%，且现价位于年线下方
000031,大悦城,房地产开发,2,,✓,,,✓,,,,,连续4年亏损（2022-2025）；多年阴跌：近3年跑输大盘51%、近2年跑输43%、近1年仍跑输，现价在年线下方
000037,深南电A,电力,2,,✓,,✓,,,,,,扣非连续5年亏损（主业不赚钱）；保壳特征：扣非连亏2年，靠非经常性损益维持账面盈利
000401,金隅冀东,水泥,2,,✓,,,✓,,,,,扣非连续3年亏损（主业不赚钱）；多年阴跌：近3年跑输大盘48%、近2年跑输49%、近1年仍跑输，现价在年线下方
000503,国新健康,软件服务,2,,✓,,,✓,,,,,连续6年亏损（2020-2025）；多年阴跌：近3年跑输大盘52%、近2年跑输37%、近1年仍跑输，现价在年线下方
000516,国际医学,医疗服务,2,,✓,,,✓,,,,,连续5年亏损（2021-2025）；多年阴跌：近3年跑输大盘57%、近2年跑输40%、近1年仍跑输，现价在年线下方
000564,供销大集,一般零售,2,,✓,,,,,,,✓,连续7年亏损（2019-2025）；股价1.65元低于2.0元预警线（逼近面值退市）
000609,*ST中迪,房地产开发,2,,✓,✓,,,,,,,连续6年亏损（2020-2025）；净资产-1.5亿（资不抵债）；资产负债率103%（高杠杆）；退市风险：2025年营收2.08亿（低于3亿线）且扣非前后孰低为负（-4.18亿）
000610,*ST西旅,旅游,2,,✓,,,✓,,,,,连续5年亏损（2021-2025）；净资产-1.1亿（资不抵债）；资产负债率109%（高杠杆）；多年阴跌：近3年跑输大盘53%、近2年跑输57%、近1年仍跑输，现价在年线下方
000615,*ST美谷,医疗美容,2,,✓,,,,,✓,,,连续6年亏损（2020-2025）；流动性枯竭：近60日日均成交额0.20亿（低于0.2亿）
000677,ST海龙,化纤,2,,,,,✓,,,,✓,长期下跌：近1年跑输大盘54%、近2年跑输65%，且现价位于年线下方；股价1.89元低于2.0元预警线（逼近面值退市）
000698,ST沈化,石油化工,2,,✓,,,,,✓,,,连续4年亏损（2022-2025）；流动性枯竭：近60日日均成交额0.14亿（低于0.2亿）
000802,北京文化,影视院线,2,,✓,,,✓,,,,,连续7年亏损（2019-2025）；多年阴跌：近3年跑输大盘46%、近2年跑输54%、近1年仍跑输，现价在年线下方
000818,航锦科技,化学原料,2,✓,,,,✓,,,,,新闻复核入永久黑名单；长期下跌：近1年跑输大盘42%、近2年跑输64%，且现价位于年线下方
000820,*ST节能,综合类,2,✓,✓,,,,,,,,新闻复核入永久黑名单；连续4年亏损（2022-2025）；商誉1.0亿占净资产126%（减值风险）
000826,*ST启环,环境治理,2,,✓,,,,,,,✓,连续6年亏损（2020-2025）；净资产-26.9亿（资不抵债）；资产负债率102%（高杠杆）；其他：*ST启环（子公司破产重整获法院受理）；股价1.89元低于2.0元预警线（逼近面值退市）
000837,秦川机床,通用设备,2,,✓,,✓,,,,,,扣非连续3年亏损（主业不赚钱）；保壳特征：扣非连亏2年，靠非经常性损益维持账面盈利
000838,*ST发展,房地产开发,2,,✓,✓,,,,,,,连续5年亏损（2021-2025）；净资产-2.5亿（资不抵债）；资产负债率116%（高杠杆）；退市风险：2025年营收2.83亿（低于3亿线）且扣非前后孰低为负（-6.35亿）
000868,安凯客车,商用车,2,,✓,,,✓,,,,,扣非连续10年亏损（主业不赚钱）；长期下跌：近1年跑输大盘28%、近2年跑输61%，且现价位于年线下方
000901,航天科技,汽车零部件,2,,✓,,✓,,,,,,扣非连续3年亏损（主业不赚钱）；保壳特征：扣非连亏2年，靠非经常性损益维持账面盈利
000911,*ST广糖,食品加工,2,✓,✓,,,,,,,,新闻复核入永久黑名单；扣非连续10年亏损（主业不赚钱）；净资产-0.8亿（资不抵债）；资产负债率100%（高杠杆）
000930,中粮科技,农产品加工,2,,✓,,✓,,,,,,扣非连续3年亏损（主业不赚钱）；保壳特征：扣非连亏2年，靠非经常性损益维持账面盈利
000980,众泰汽车,汽车零部件,2,,✓,,,,,,,✓,连续7年亏损（2019-2025）；资产负债率94%（高杠杆）；股价1.93元低于2.0元预警线（逼近面值退市）
001201,东瑞股份,养殖业,2,,✓,,,✓,,,,,连续3年亏损（2023-2025）；多年阴跌：近3年跑输大盘52%、近2年跑输52%、近1年仍跑输，现价在年线下方
002022,科华生物,生物制品,2,,✓,,,✓,,,,,连续3年亏损（2023-2025）；多年阴跌：近3年跑输大盘41%、近2年跑输46%、近1年仍跑输，现价在年线下方
002030,达安基因,生物制品,2,,✓,,,✓,,,,,扣非连续3年亏损（主业不赚钱）；多年阴跌：近3年跑输大盘42%、近2年跑输53%、近1年仍跑输，现价在年线下方
002036,联创电子,光学光电,2,,✓,,,✓,,,,,连续3年亏损（2023-2025）；资产负债率93%（高杠杆）；长期下跌：近1年跑输大盘33%、近2年跑输41%，且现价位于年线下方
002037,保利联合,化学制品,2,,✓,,,✓,,,,,扣非连续4年亏损（主业不赚钱）；资产负债率89%（高杠杆）；长期下跌：近1年跑输大盘27%、近2年跑输48%，且现价位于年线下方
002097,山河智能,工程机械,2,,✓,,✓,,,,,,扣非连续4年亏损（主业不赚钱）；保壳特征：扣非连亏2年，靠非经常性损益维持账面盈利
002109,ST兴化,化学原料,2,,✓,,,,,✓,,,连续3年亏损（2023-2025）；流动性枯竭：近60日日均成交额0.19亿（低于0.2亿）
002124,天邦食品,养殖业,2,,✓,,,✓,,,,,资产负债率91%（高杠杆）；多年阴跌：近3年跑输大盘53%、近2年跑输37%、近1年仍跑输，现价在年线下方
002146,荣盛发展,房地产开发,2,,✓,,,,,,,✓,资产负债率94%（高杠杆）；股价1.20元低于2.0元预警线（逼近面值退市）
002193,ST如意,纺织制造,2,✓,✓,,,,,,,,新闻复核入永久黑名单；连续4年亏损（2022-2025）；资产负债率92%（高杠杆）
002207,*ST准油,油服工程,2,,✓,✓,,,,,,,连续4年亏损（2022-2025）；资产负债率97%（高杠杆）；退市风险：2025年营收2.97亿（低于3亿线）且扣非前后孰低为负（-0.41亿）
002217,ST合力泰,消费电子,2,✓,,,,,,,,✓,新闻复核入永久黑名单；股价1.46元低于2.0元预警线（逼近面值退市）
002251,步步高,一般零售,2,,✓,,✓,,,,,,扣非连续5年亏损（主业不赚钱）；保壳特征：扣非连亏2年，靠非经常性损益维持账面盈利
002269,美邦服饰,服装家纺,2,,✓,,,,,,,✓,扣非连续7年亏损（主业不赚钱）；资产负债率91%（高杠杆）；股价1.49元低于2.0元预警线（逼近面值退市）
002356,鹏飞绿能,一般零售,2,,✓,,,✓,,,,,扣非连续9年亏损（主业不赚钱）；多年阴跌：近3年跑输大盘58%、近2年跑输49%、近1年仍跑输，现价在年线下方
002362,汉王科技,软件服务,2,,✓,,,✓,,,,,连续4年亏损（2022-2025）；长期下跌：近1年跑输大盘27%、近2年跑输36%，且现价位于年线下方
002370,亚太药业,化学制药,2,,✓,,✓,,,,,,扣非连续7年亏损（主业不赚钱）；保壳特征：扣非连亏2年，靠非经常性损益维持账面盈利
002405,四维图新,软件服务,2,,✓,,,✓,,,,,扣非连续4年亏损（主业不赚钱）；多年阴跌：近3年跑输大盘52%、近2年跑输50%、近1年仍跑输，现价在年线下方
002424,ST百灵,中药,2,✓,✓,,,,,,,,新闻复核入永久黑名单；扣非连续3年亏损（主业不赚钱）
002470,金正大,农用化工,2,,✓,,✓,,,,,,扣非连续7年亏损（主业不赚钱）；资产负债率86%（高杠杆）；保壳特征：扣非连亏2年，靠非经常性损益维持账面盈利
002535,林州重机,专用设备,2,✓,,,,✓,,,,,新闻复核入永久黑名单；长期下跌：近1年跑输大盘25%、近2年跑输58%，且现价位于年线下方
002542,*ST中岩,专业工程,2,,✓,,,,,,,✓,连续5年亏损（2021-2025）；净资产-2.9亿（资不抵债）；资产负债率107%（高杠杆）；股价1.78元低于2.0元预警线（逼近面值退市）
002547,*ST春兴,汽车零部件,2,,✓,,,✓,,,,,连续6年亏损（2020-2025）；净资产-5.3亿（资不抵债）；资产负债率113%（高杠杆）；长期下跌：近1年跑输大盘30%、近2年跑输45%，且现价位于年线下方
002589,瑞康医药,医药商业,2,,✓,,✓,,,,,,扣非连续5年亏损（主业不赚钱）；保壳特征：扣非连亏2年，靠非经常性损益维持账面盈利
002672,东江环保,环境治理,2,,✓,,,✓,,,,,连续4年亏损（2022-2025）；多年阴跌：近3年跑输大盘41%、近2年跑输37%、近1年仍跑输，现价在年线下方
002726,ST龙大,食品加工,2,,✓,,,✓,,,,,连续3年亏损（2023-2025）；长期下跌：近1年跑输大盘39%、近2年跑输101%，且现价位于年线下方
002739,儒意电影,影视院线,2,,✓,,,✓,,,,,商誉39.3亿占净资产55%（减值风险）；多年阴跌：近3年跑输大盘44%、近2年跑输51%、近1年仍跑输，现价在年线下方
002761,浙江建投,房屋建设,2,,✓,,,✓,,,,,资产负债率90%（高杠杆）；多年阴跌：近3年跑输大盘57%、近2年跑输37%、近1年仍跑输，现价在年线下方
002785,万里石,装饰建材,2,✓,✓,,,,,,,,新闻复核入永久黑名单；连续5年亏损（2021-2025）
002792,通宇通讯,通信设备,2,,✓,,✓,,,,,,扣非连续3年亏损（主业不赚钱）；保壳特征：扣非连亏2年，靠非经常性损益维持账面盈利
002813,路畅科技,汽车零部件,2,,✓,,,✓,,,,,连续3年亏损（2023-2025）；多年阴跌：近3年跑输大盘49%、近2年跑输56%、近1年仍跑输，现价在年线下方
002872,ST天圣,医药商业,2,,✓,,,,,✓,,,连续7年亏损（2019-2025）；流动性枯竭：近60日日均成交额0.17亿（低于0.2亿）
002977,*ST天箭,军工电子,2,,,✓,,✓,,,,,退市风险：2025年营收-1.71亿（低于3亿线）且扣非前后孰低为负（-2.26亿）；长期下跌：近1年跑输大盘34%、近2年跑输61%，且现价位于年线下方
300020,ST银江,软件服务,2,✓,✓,,,,,,,,新闻复核入永久黑名单；连续3年亏损（2023-2025）
300032,金龙机电,消费电子,2,,✓,,,✓,,,,,扣非连续3年亏损（主业不赚钱）；多年阴跌：近3年跑输大盘46%、近2年跑输31%、近1年仍跑输，现价在年线下方
300056,中创环保,环境治理,2,,✓,,,✓,,,,,连续5年亏损（2021-2025）；资产负债率109%（高杠杆）；长期下跌：近1年跑输大盘34%、近2年跑输37%，且现价位于年线下方
300061,旗天科技,广告营销,2,,✓,,,✓,,,,,连续3年亏损（2023-2025）；长期下跌：近1年跑输大盘39%、近2年跑输46%，且现价位于年线下方
300068,ST南都,电池,2,,✓,,,✓,,,,,资产负债率100%（高杠杆）；长期下跌：近1年跑输大盘61%、近2年跑输78%，且现价位于年线下方
300076,*ST宁视,光学光电,2,,✓,✓,,,,,,,连续5年亏损（2021-2025）；退市风险：2025年营收0.82亿（低于1亿线）且扣非前后孰低为负（-0.88亿）
300078,思创智联,软件服务,2,,✓,,,✓,,,,,连续5年亏损（2021-2025）；多年阴跌：近3年跑输大盘44%、近2年跑输37%、近1年仍跑输，现价在年线下方
300087,ST荃银,种植业,2,✓,,,,✓,,,,,新闻复核入永久黑名单；多年阴跌：近3年跑输大盘52%、近2年跑输42%、近1年仍跑输，现价在年线下方
300091,*ST金灵,通用设备,2,,✓,,,,,✓,,,连续6年亏损（2020-2025）；流动性枯竭：近60日日均成交额0.18亿（低于0.2亿）
300147,*ST香雪,中药,2,,✓,,,✓,,,,,连续5年亏损（2021-2025）；净资产-6.3亿（资不抵债）；资产负债率104%（高杠杆）；长期下跌：近1年跑输大盘30%、近2年跑输58%，且现价位于年线下方
300168,万达信息,软件服务,2,,✓,,,✓,,,,,连续4年亏损（2022-2025）；商誉7.2亿占净资产79%（减值风险）；长期下跌：近1年跑输大盘28%、近2年跑输45%，且现价位于年线下方
300177,中海达,军工电子,2,,✓,,,✓,,,,,连续4年亏损（2022-2025）；长期下跌：近1年跑输大盘32%、近2年跑输40%，且现价位于年线下方
300188,国投智能,软件服务,2,,✓,,,✓,,,,,连续3年亏损（2023-2025）；长期下跌：近1年跑输大盘28%、近2年跑输45%，且现价位于年线下方
300198,*ST纳川,装饰建材,2,,✓,✓,,,,,,,连续5年亏损（2021-2025）；退市风险：2025年营收0.76亿（低于1亿线）且扣非前后孰低为负（-2.75亿）
300205,*ST天喻,通信设备,2,,✓,,,,,✓,,,扣非连续3年亏损（主业不赚钱）；流动性枯竭：近60日日均成交额0.12亿（低于0.2亿）
300212,*ST易录,软件服务,2,,✓,,,✓,,,,,连续3年亏损（2023-2025）；净资产-22.6亿（资不抵债）；资产负债率118%（高杠杆）；长期下跌：近1年跑输大盘51%、近2年跑输81%，且现价位于年线下方
300220,金运激光,自动化设备,2,,✓,,✓,,,,,,扣非连续6年亏损（主业不赚钱）；保壳特征：扣非连亏2年，靠非经常性损益维持账面盈利
300245,ST天玑,软件服务,2,,✓,,,✓,,,,,连续4年亏损（2022-2025）；长期下跌：近1年跑输大盘53%、近2年跑输37%，且现价位于年线下方
300252,金信诺,军工电子,2,,✓,,✓,,,,,,扣非连续4年亏损（主业不赚钱）；保壳特征：扣非连亏2年，靠非经常性损益维持账面盈利
300261,雅本化学,农用化工,2,,✓,,,✓,,,,,连续3年亏损（2023-2025）；多年阴跌：近3年跑输大盘50%、近2年跑输47%、近1年仍跑输，现价在年线下方
300269,联建光电,光学光电,2,,✓,,✓,,,,,,扣非连续9年亏损（主业不赚钱）；资产负债率88%（高杠杆）；保壳特征：扣非连亏2年，靠非经常性损益维持账面盈利
300293,蓝英装备,专用设备,2,,✓,,,✓,,,,,连续6年亏损（2020-2025）；长期下跌：近1年跑输大盘31%、近2年跑输41%，且现价位于年线下方
300300,海峡创新,软件服务,2,,✓,,✓,,,,,,扣非连续7年亏损（主业不赚钱）；保壳特征：扣非连亏2年，靠非经常性损益维持账面盈利
300343,联创股份,化学制品,2,,✓,,✓,,,,,,扣非连续3年亏损（主业不赚钱）；保壳特征：扣非连亏2年，靠非经常性损益维持账面盈利
300366,ST创意,软件服务,2,,✓,,,✓,,,,,连续6年亏损（2020-2025）；长期下跌：近1年跑输大盘29%、近2年跑输63%，且现价位于年线下方
300374,中铁装配,装饰建材,2,,✓,,,✓,,,,,连续5年亏损（2021-2025）；长期下跌：近1年跑输大盘30%、近2年跑输60%，且现价位于年线下方
300396,ST迪瑞,医疗器械,2,,,,,✓,,✓,,,长期下跌：近1年跑输大盘30%、近2年跑输86%，且现价位于年线下方；流动性枯竭：近60日日均成交额0.20亿（低于0.2亿）
300426,华智数媒,影视院线,2,,✓,,,✓,,,,,资产负债率95%（高杠杆）；多年阴跌：近3年跑输大盘46%、近2年跑输41%、近1年仍跑输，现价在年线下方
300459,汤姆猫,游戏,2,,✓,,,✓,,,,,连续3年亏损（2023-2025）；商誉7.1亿占净资产92%（减值风险）；多年阴跌：近3年跑输大盘43%、近2年跑输38%、近1年仍跑输，现价在年线下方
300462,ST华铭,IT设备,2,,✓,,,,,✓,,,连续3年亏损（2023-2025）；流动性枯竭：近60日日均成交额0.11亿（低于0.2亿）
300492,华图山鼎,教育培训,2,,✓,,,✓,,,,,资产负债率91%（高杠杆）；长期下跌：近1年跑输大盘39%、近2年跑输73%，且现价位于年线下方
300500,启迪设计,工程咨询服务,2,,✓,,,✓,,,,,连续3年亏损（2023-2025）；多年阴跌：近3年跑输大盘53%、近2年跑输40%、近1年仍跑输，现价在年线下方
300510,金冠股份,电网设备,2,,✓,,,✓,,,,,扣非连续3年亏损（主业不赚钱）；多年阴跌：近3年跑输大盘55%、近2年跑输37%、近1年仍跑输，现价在年线下方
300555,ST路通,通信设备,2,,✓,,,,,✓,,,连续5年亏损（2021-2025）；流动性枯竭：近60日日均成交额0.15亿（低于0.2亿）
300565,科信技术,通信设备,2,,✓,,,✓,,,,,连续5年亏损（2021-2025）；多年阴跌：近3年跑输大盘45%、近2年跑输51%、近1年仍跑输，现价在年线下方
300594,ST朗进,轨交设备,2,,✓,,,✓,,,,,连续4年亏损（2022-2025）；多年阴跌：近3年跑输大盘42%、近2年跑输31%、近1年仍跑输，现价在年线下方
300612,宣亚国际,广告营销,2,,✓,,,✓,,,,,连续3年亏损（2023-2025）；多年阴跌：近3年跑输大盘48%、近2年跑输50%、近1年仍跑输，现价在年线下方
300659,中孚信息,IT设备,2,,✓,,,✓,,,,,连续4年亏损（2022-2025）；多年阴跌：近3年跑输大盘62%、近2年跑输52%、近1年仍跑输，现价在年线下方
300663,科蓝软件,软件服务,2,,✓,,,✓,,,,,连续3年亏损（2023-2025）；长期下跌：近1年跑输大盘47%、近2年跑输53%，且现价位于年线下方
300683,海特生物,生物制品,2,,✓,,,✓,,,,,连续4年亏损（2022-2025）；长期下跌：近1年跑输大盘38%、近2年跑输35%，且现价位于年线下方
300716,*ST泉为,塑料,2,,✓,✓,,,,,,,连续3年亏损（2023-2025）；净资产-2.4亿（资不抵债）；资产负债率169%（高杠杆）；退市风险：2025年营收0.48亿（低于1亿线）且扣非前后孰低为负（-2.21亿）
300928,华安鑫创,汽车零部件,2,,✓,,,✓,,,,,连续3年亏损（2023-2025）；多年阴跌：近3年跑输大盘53%、近2年跑输58%、近1年仍跑输，现价在年线下方
301030,*ST仕净,环保设备,2,,✓,,,✓,,,,,净资产-11.6亿（资不抵债）；资产负债率116%（高杠杆）；长期下跌：近1年跑输大盘41%、近2年跑输102%，且现价位于年线下方
301117,佳缘科技,软件服务,2,✓,,,,✓,,,,,新闻复核入永久黑名单；多年阴跌：近3年跑输大盘56%、近2年跑输32%、近1年仍跑输，现价在年线下方
301139,*ST元道,通信工程,2,✓,,,,✓,,,,,新闻复核入永久黑名单；长期下跌：近1年跑输大盘72%、近2年跑输123%，且现价位于年线下方
600072,中船科技,风电设备,2,,✓,,,✓,,,,,扣非连续3年亏损（主业不赚钱）；多年阴跌：近3年跑输大盘64%、近2年跑输59%、近1年仍跑输，现价在年线下方
600076,康欣新材,包装印刷,2,✓,✓,,,,,,,,新闻复核入永久黑名单；连续4年亏损（2022-2025）
600130,波导股份,消费电子,2,,✓,,✓,,,,,,扣非连续9年亏损（主业不赚钱）；保壳特征：扣非连亏2年，靠非经常性损益维持账面盈利
600178,东安动力,汽车零部件,2,,✓,,✓,,,,,,扣非连续3年亏损（主业不赚钱）；保壳特征：扣非连亏2年，靠非经常性损益维持账面盈利
600180,*ST瑞茂,物流,2,,,,,✓,,,,✓,长期下跌：近1年跑输大盘41%、近2年跑输82%，且现价位于年线下方；股价1.69元低于2.0元预警线（逼近面值退市）
600189,泉阳泉,饮料乳品,2,,✓,,✓,,,,,,扣非连续4年亏损（主业不赚钱）；保壳特征：扣非连亏2年，靠非经常性损益维持账面盈利
600199,金种子酒,酿酒,2,,✓,,,✓,,,,,连续5年亏损（2021-2025）；多年阴跌：近3年跑输大盘80%、近2年跑输76%、近1年仍跑输，现价在年线下方
600221,海航控股,航空机场,2,,✓,,,,,,,✓,资产负债率96%（高杠杆）；股价1.30元低于2.0元预警线（逼近面值退市）
600231,凌钢股份,普钢,2,,✓,,,,,,,✓,连续4年亏损（2022-2025）；股价1.81元低于2.0元预警线（逼近面值退市）
600238,*ST椰岛,酿酒,2,,✓,,,✓,,,,,连续5年亏损（2021-2025）；资产负债率89%（高杠杆）；多年阴跌：近3年跑输大盘67%、近2年跑输80%、近1年仍跑输，现价在年线下方
600265,*ST景谷,林业,2,,✓,✓,,,,,,,扣非连续10年亏损（主业不赚钱）；退市风险：2025年营收1.95亿（低于3亿线）且扣非前后孰低为负（-2.46亿）
600289,ST信通,软件服务,2,,✓,,,,,✓,,,连续6年亏损（2020-2025）；流动性枯竭：近60日日均成交额0.17亿（低于0.2亿）
600307,酒钢宏兴,普钢,2,,✓,,,,,,,✓,连续4年亏损（2022-2025）；资产负债率90%（高杠杆）；股价1.56元低于2.0元预警线（逼近面值退市）
600340,*ST华幸,房地产开发,2,,✓,,,,,,,✓,连续3年亏损（2023-2025）；净资产-217.7亿（资不抵债）；资产负债率104%（高杠杆）；股价1.08元低于2.0元预警线（逼近面值退市）
600363,联创光电,其他电子,2,✓,,,,✓,,,,,新闻复核入永久黑名单；长期下跌：近1年跑输大盘65%、近2年跑输77%，且现价位于年线下方
600365,ST通葡,电子商务,2,,✓,,,,,✓,,,连续4年亏损（2022-2025）；流动性枯竭：近60日日均成交额0.08亿（低于0.2亿）
600370,*ST三房,塑料,2,,✓,,,,,,,✓,连续3年亏损（2023-2025）；股价1.50元低于2.0元预警线（逼近面值退市）
600383,金地集团,房地产开发,2,,✓,,,✓,,,,,扣非连续3年亏损（主业不赚钱）；多年阴跌：近3年跑输大盘54%、近2年跑输58%、近1年仍跑输，现价在年线下方
600410,华胜天成,云服务,2,,✓,,✓,,,,,,扣非连续6年亏损（主业不赚钱）；保壳特征：扣非连亏2年，靠非经常性损益维持账面盈利
600418,江淮汽车,商用车,2,,✓,,,✓,,,,,扣非连续9年亏损（主业不赚钱）；长期下跌：近1年跑输大盘53%、近2年跑输45%，且现价位于年线下方
600423,*ST柳化,化学原料,2,,,✓,,,,✓,,,退市风险：2025年营收1.37亿（低于3亿线）且扣非前后孰低为负（-0.26亿）；流动性枯竭：近60日日均成交额0.16亿（低于0.2亿）
600439,瑞贝卡,饰品,2,✓,,,,,,,,✓,新闻复核入永久黑名单；股价1.92元低于2.0元预警线（逼近面值退市）
600495,晋西车轴,轨交设备,2,,✓,,✓,,,,,,扣非连续6年亏损（主业不赚钱）；保壳特征：扣非连亏2年，靠非经常性损益维持账面盈利
600536,中国软件,软件服务,2,,✓,,,✓,,,,,连续3年亏损（2023-2025）；多年阴跌：近3年跑输大盘48%、近2年跑输31%、近1年仍跑输，现价在年线下方
600537,*ST亿晶,光伏设备,2,,✓,,,✓,,,,,净资产-2.1亿（资不抵债）；资产负债率106%（高杠杆）；长期下跌：近1年跑输大盘26%、近2年跑输43%，且现价位于年线下方
600540,新赛股份,种植业,2,✓,✓,,,,,,,,新闻复核入永久黑名单；扣非连续10年亏损（主业不赚钱）
600561,江西长运,公路铁路,2,,✓,,✓,,,,,,扣非连续10年亏损（主业不赚钱）；保壳特征：扣非连亏2年，靠非经常性损益维持账面盈利
600569,安阳钢铁,普钢,2,,✓,,,,,,,✓,连续4年亏损（2022-2025）；资产负债率94%（高杠杆）；股价1.91元低于2.0元预警线（逼近面值退市）
600581,*ST八钢,普钢,2,,✓,,,✓,,,,,连续4年亏损（2022-2025）；净资产-5.2亿（资不抵债）；资产负债率102%（高杠杆）；长期下跌：近1年跑输大盘33%、近2年跑输43%，且现价位于年线下方
600616,金枫酒业,酿酒,2,,✓,,✓,,,,,,扣非连续6年亏损（主业不赚钱）；保壳特征：扣非连亏2年，靠非经常性损益维持账面盈利
600653,申华控股,汽车服务,2,,✓,,,,,,,✓,扣非连续4年亏损（主业不赚钱）；股价1.76元低于2.0元预警线（逼近面值退市）
600706,曲江文旅,旅游,2,,✓,,,✓,,,,,连续4年亏损（2022-2025）；多年阴跌：近3年跑输大盘52%、近2年跑输35%、近1年仍跑输，现价在年线下方
600733,北汽蓝谷,乘用车,2,,✓,,,✓,,,,,连续6年亏损（2020-2025）；长期下跌：近1年跑输大盘35%、近2年跑输75%，且现价位于年线下方
600770,综艺股份,综合类,2,,✓,,✓,,,,,,扣非连续4年亏损（主业不赚钱）；保壳特征：扣非连亏2年，靠非经常性损益维持账面盈利
600778,友好集团,一般零售,2,,✓,,✓,,,,,,扣非连续6年亏损（主业不赚钱）；资产负债率93%（高杠杆）；保壳特征：扣非连亏2年，靠非经常性损益维持账面盈利
600782,新钢股份,普钢,2,,✓,,✓,,,,,,扣非连续3年亏损（主业不赚钱）；保壳特征：扣非连亏2年，靠非经常性损益维持账面盈利
600805,悦达投资,综合类,2,,✓,,✓,,,,,,扣非连续9年亏损（主业不赚钱）；保壳特征：扣非连亏2年，靠非经常性损益维持账面盈利
600843,上工申贝,专用设备,2,,✓,,,✓,,,,,扣非连续3年亏损（主业不赚钱）；长期下跌：近1年跑输大盘29%、近2年跑输52%，且现价位于年线下方
600860,京城股份,通用设备,2,,✓,,,✓,,,,,扣非连续10年亏损（主业不赚钱）；多年阴跌：近3年跑输大盘46%、近2年跑输36%、近1年仍跑输，现价在年线下方
600881,亚泰集团,综合类,2,,✓,,,,,,,✓,连续5年亏损（2021-2025）；商誉1.6亿占净资产155%（减值风险）；资产负债率100%（高杠杆）；股价1.95元低于2.0元预警线（逼近面值退市）
600959,江苏有线,广播电视,2,,✓,,✓,,,,,,扣非连续6年亏损（主业不赚钱）；保壳特征：扣非连亏2年，靠非经常性损益维持账面盈利
600965,*ST福成,养殖业,2,,,,,✓,,✓,,,长期下跌：近1年跑输大盘28%、近2年跑输55%，且现价位于年线下方；流动性枯竭：近60日日均成交额0.18亿（低于0.2亿）
600981,苏豪汇鸿,贸易,2,,✓,,✓,,,,,,扣非连续5年亏损（主业不赚钱）；保壳特征：扣非连亏2年，靠非经常性损益维持账面盈利
601005,重庆钢铁,普钢,2,,✓,,,,,,,✓,连续4年亏损（2022-2025）；股价1.25元低于2.0元预警线（逼近面值退市）
601111,中国国航,航空机场,2,,✓,,,✓,,,,,连续6年亏损（2020-2025）；多年阴跌：近3年跑输大盘41%、近2年跑输58%、近1年仍跑输，现价在年线下方
601588,北辰实业,房地产开发,2,,✓,,,,,,,✓,扣非连续4年亏损（主业不赚钱）；股价1.76元低于2.0元预警线（逼近面值退市）
601777,千里科技,摩托车及其他,2,,✓,,✓,,,,,,扣非连续3年亏损（主业不赚钱）；保壳特征：扣非连亏2年，靠非经常性损益维持账面盈利
601828,美凯龙,商业物业经营,2,,✓,,,✓,,,,,连续3年亏损（2023-2025）；多年阴跌：近3年跑输大盘54%、近2年跑输42%、近1年仍跑输，现价在年线下方
601992,金隅集团,水泥,2,,✓,,,,,,,✓,扣非连续4年亏损（主业不赚钱）；股价1.41元低于2.0元预警线（逼近面值退市）
603008,ST喜临门,家居用品,2,✓,,,,✓,,,,,新闻复核入永久黑名单；长期下跌：近1年跑输大盘36%、近2年跑输71%，且现价位于年线下方
603180,金牌家居,家居用品,2,,,,,✓,,✓,,,多年阴跌：近3年跑输大盘47%、近2年跑输40%、近1年仍跑输，现价在年线下方；流动性枯竭：近60日日均成交额0.19亿（低于0.2亿）
603189,*ST网达,软件服务,2,,,✓,,✓,,,,,退市风险：2025年营收2.56亿（低于3亿线）且扣非前后孰低为负（-0.01亿）；长期下跌：近1年跑输大盘46%、近2年跑输51%，且现价位于年线下方
603377,ST东时,教育培训,2,,✓,,,,,✓,,,连续4年亏损（2022-2025）；净资产-0.8亿（资不抵债）；资产负债率94%（高杠杆）；流动性枯竭：近60日日均成交额0.14亿（低于0.2亿）
603557,*ST起步,服装家纺,2,,✓,✓,,,,,,,连续6年亏损（2020-2025）；资产负债率92%（高杠杆）；退市风险：2025年营收1.58亿（低于3亿线）且扣非前后孰低为负（-1.75亿）
603636,南威软件,软件服务,2,✓,,,,✓,,,,,新闻复核入永久黑名单；长期下跌：近1年跑输大盘39%、近2年跑输49%，且现价位于年线下方
603825,ST华扬,广告营销,2,,✓,,,,,✓,,,连续4年亏损（2022-2025）；净资产-0.7亿（资不抵债）；资产负债率121%（高杠杆）；流动性枯竭：近60日日均成交额0.20亿（低于0.2亿）
603828,*ST利达,装修装饰,2,,✓,,,,,✓,,,扣非连续5年亏损（主业不赚钱）；资产负债率85%（高杠杆）；流动性枯竭：近60日日均成交额0.15亿（低于0.2亿）
603839,安正时尚,服装家纺,2,✓,✓,,,,,,,,新闻复核入永久黑名单；扣非连续4年亏损（主业不赚钱）
603863,松炀资源,造纸,2,,✓,,,✓,,,,,连续4年亏损（2022-2025）；多年阴跌：近3年跑输大盘47%、近2年跑输92%、近1年仍跑输，现价在年线下方
603922,ST金鸿顺,汽车零部件,2,✓,,,,✓,,,,,新闻复核入永久黑名单；长期下跌：近1年跑输大盘29%、近2年跑输50%，且现价位于年线下方
603982,泉峰汽车,汽车零部件,2,,✓,,,✓,,,,,连续4年亏损（2022-2025）；多年阴跌：近3年跑输大盘65%、近2年跑输55%、近1年仍跑输，现价在年线下方
605266,健之佳,医药商业,2,,✓,,,✓,,,,,商誉24.2亿占净资产95%（减值风险）；多年阴跌：近3年跑输大盘64%、近2年跑输44%、近1年仍跑输，现价在年线下方
688010,福光股份,光学光电,2,,✓,,✓,,,,,,扣非连续3年亏损（主业不赚钱）；保壳特征：扣非连亏2年，靠非经常性损益维持账面盈利
688022,ST瀚川,专用设备,2,,✓,,,✓,,,,,扣非连续3年亏损（主业不赚钱）；长期下跌：近1年跑输大盘33%、近2年跑输57%，且现价位于年线下方
688060,云涌科技,IT设备,2,,✓,,,,,✓,,,连续3年亏损（2023-2025）；流动性枯竭：近60日日均成交额0.15亿（低于0.2亿）
688095,福昕软件,软件服务,2,,✓,,✓,,,,,,扣非连续5年亏损（主业不赚钱）；保壳特征：扣非连亏2年，靠非经常性损益维持账面盈利
688118,普元信息,云服务,2,,✓,,✓,,,,,,扣非连续4年亏损（主业不赚钱）；保壳特征：扣非连亏2年，靠非经常性损益维持账面盈利
688132,邦彦技术,军工电子,2,,✓,,,✓,,,,,连续3年亏损（2023-2025）；多年阴跌：近3年跑输大盘42%、近2年跑输30%、近1年仍跑输，现价在年线下方
688151,华强科技,医疗器械,2,,✓,,✓,,,,,,扣非连续4年亏损（主业不赚钱）；保壳特征：扣非连亏2年，靠非经常性损益维持账面盈利
688177,百奥泰,生物制品,2,,✓,,,✓,,,,,连续4年亏损（2022-2025）；资产负债率95%（高杠杆）；长期下跌：近1年跑输大盘41%、近2年跑输55%，且现价位于年线下方
688184,ST帕瓦,电池,2,,✓,,,,,✓,,,连续3年亏损（2023-2025）；流动性枯竭：近60日日均成交额0.10亿（低于0.2亿）
688197,首药控股-U,化学制药,2,,✓,✓,,,,,,,连续5年亏损（2021-2025）；退市风险：2025年营收0.09亿（低于1亿线）且扣非前后孰低为负（-2.07亿）
688201,ST信安,软件服务,2,,,,,✓,,✓,,,多年阴跌：近3年跑输大盘66%、近2年跑输32%、近1年仍跑输，现价在年线下方；流动性枯竭：近60日日均成交额0.17亿（低于0.2亿）
688212,澳华内镜,医疗器械,2,,,,✓,✓,,,,,保壳特征：扣非连亏2年，靠非经常性损益维持账面盈利；长期下跌：近1年跑输大盘29%、近2年跑输71%，且现价位于年线下方
688298,东方生物,生物制品,2,,✓,,,✓,,,,,连续3年亏损（2023-2025）；多年阴跌：近3年跑输大盘52%、近2年跑输68%、近1年仍跑输，现价在年线下方
688302,海创药业-U,生物制品,2,,✓,✓,,,,,,,连续5年亏损（2021-2025）；退市风险：2025年营收0.07亿（低于1亿线）且扣非前后孰低为负（-1.68亿）
688339,亿华通-U,电池,2,,✓,,,✓,,,,,连续6年亏损（2020-2025）；多年阴跌：近3年跑输大盘66%、近2年跑输57%、近1年仍跑输，现价在年线下方
688362,甬矽电子,半导体,2,,✓,,✓,,,,,,扣非连续3年亏损（主业不赚钱）；保壳特征：扣非连亏2年，靠非经常性损益维持账面盈利
688382,益方生物-U,生物制品,2,,✓,✓,,,,,,,连续5年亏损（2021-2025）；退市风险：2025年营收0.37亿（低于1亿线）且扣非前后孰低为负（-3.29亿）
688443,智翔金泰-U,生物制品,2,,✓,,,✓,,,,,连续4年亏损（2022-2025）；长期下跌：近1年跑输大盘29%、近2年跑输55%，且现价位于年线下方
688500,慧辰股份,软件服务,2,,✓,,,✓,,,,,连续5年亏损（2021-2025）；长期下跌：近1年跑输大盘46%、近2年跑输37%，且现价位于年线下方
688528,秦川物联,通用设备,2,,✓,,,,,✓,,,连续3年亏损（2023-2025）；流动性枯竭：近60日日均成交额0.19亿（低于0.2亿）
688565,力源科技,环境治理,2,,✓,,✓,,,,,,扣非连续4年亏损（主业不赚钱）；保壳特征：扣非连亏2年，靠非经常性损益维持账面盈利
688567,孚能科技,电池,2,,✓,,,✓,,,,,连续6年亏损（2020-2025）；多年阴跌：近3年跑输大盘67%、近2年跑输35%、近1年仍跑输，现价在年线下方
688570,天玛智控,自动化设备,2,,,,,✓,,✓,,,多年阴跌：近3年跑输大盘49%、近2年跑输50%、近1年仍跑输，现价在年线下方；流动性枯竭：近60日日均成交额0.14亿（低于0.2亿）
688622,*ST禾信,通用设备,2,,✓,✓,,,,,,,连续4年亏损（2022-2025）；退市风险：2025年营收0.99亿（低于1亿线）且扣非前后孰低为负（-0.99亿）
688806,泰诺麦博,生物制品,2,,✓,,,,,,✓,,资产负债率93%（高杠杆）；次新股：上市仅38个交易日（无历史规律，上市初无涨跌停限制）
920033,康普化学,化学制品,2,,,,,✓,,✓,,,多年阴跌：近3年跑输大盘54%、近2年跑输48%、近1年仍跑输，现价在年线下方；流动性枯竭：近60日日均成交额0.13亿（低于0.2亿）
920145,恒合股份,环保设备,2,,✓,,,,,✓,,,连续3年亏损（2023-2025）；流动性枯竭：近60日日均成交额0.07亿（低于0.2亿）
920146,华阳变速,汽车零部件,2,,✓,,,,,✓,,,连续4年亏损（2022-2025）；流动性枯竭：近60日日均成交额0.10亿（低于0.2亿）
920163,方大新材,包装印刷,2,,,,,✓,,✓,,,长期下跌：近1年跑输大盘28%、近2年跑输67%，且现价位于年线下方；流动性枯竭：近60日日均成交额0.12亿（低于0.2亿）
920300,辰光医疗,医疗器械,2,,✓,,,,,✓,,,连续3年亏损（2023-2025）；流动性枯竭：近60日日均成交额0.18亿（低于0.2亿）
920305,云创退,云服务,2,,✓,,,✓,,,,,连续3年亏损（2023-2025）；长期下跌：近1年跑输大盘87%、近2年跑输136%，且现价位于年线下方
920370,新安洁,环境治理,2,,✓,,,,,✓,,,连续4年亏损（2022-2025）；流动性枯竭：近60日日均成交额0.09亿（低于0.2亿）
920427,华维设计,工程咨询服务,2,,,,,✓,,✓,,,长期下跌：近1年跑输大盘32%、近2年跑输38%，且现价位于年线下方；流动性枯竭：近60日日均成交额0.15亿（低于0.2亿）
920436,大地电气,汽车零部件,2,,✓,,,,,✓,,,扣非连续4年亏损（主业不赚钱）；流动性枯竭：近60日日均成交额0.13亿（低于0.2亿）
920469,富恒新材,塑料,2,,,,,✓,,✓,,,长期下跌：近1年跑输大盘51%、近2年跑输52%，且现价位于年线下方；流动性枯竭：近60日日均成交额0.19亿（低于0.2亿）
920703,广厦环能,专用设备,2,,,,,✓,,✓,,,长期下跌：近1年跑输大盘28%、近2年跑输54%，且现价位于年线下方；流动性枯竭：近60日日均成交额0.07亿（低于0.2亿）
920753,天纺标,专业服务,2,,,,,✓,,✓,,,长期下跌：近1年跑输大盘33%、近2年跑输80%，且现价位于年线下方；流动性枯竭：近60日日均成交额0.18亿（低于0.2亿）
920873,中设咨询,工程咨询服务,2,,✓,,,,,✓,,,连续4年亏损（2022-2025）；流动性枯竭：近60日日均成交额0.14亿（低于0.2亿）
000002,万 科Ａ,房地产开发,1,,,,,✓,,,,,多年阴跌：近3年跑输大盘59%、近2年跑输67%、近1年仍跑输，现价在年线下方
000006,深振业Ａ,房地产开发,1,,✓,,,,,,,,连续3年亏损（2023-2025）
000008,神州高铁,轨交设备,1,,✓,,,,,,,,连续6年亏损（2020-2025）；商誉17.0亿占净资产80%（减值风险）
000009,中国宝安,电池,1,,,,,✓,,,,,多年阴跌：近3年跑输大盘42%、近2年跑输48%、近1年仍跑输，现价在年线下方
000011,深物业A,房产服务,1,,✓,,,,,,,,扣非连续3年亏损（主业不赚钱）
000042,中洲控股,房地产开发,1,,✓,,,,,,,,连续3年亏损（2023-2025）；资产负债率91%（高杠杆）
000050,深天马Ａ,光学光电,1,,✓,,,,,,,,扣非连续4年亏损（主业不赚钱）
000056,*ST皇庭,商业物业经营,1,,✓,,,,,,,,连续6年亏损（2020-2025）；净资产-26.5亿（资不抵债）；资产负债率251%（高杠杆）
000066,中国长城,IT设备,1,,✓,,,,,,,,连续3年亏损（2023-2025）
000068,华控赛格,环境治理,1,,✓,,,,,,,,扣非连续8年亏损（主业不赚钱）
000070,特发信息,通信设备,1,,✓,,,,,,,,连续3年亏损（2023-2025）
000088,盐 田 港,航运港口,1,,,,,,✓,,,,长期横盘：近2年涨跌+12.3%、近1年+8.4%，区间振幅仅16%（没有交易价值）
000089,深圳机场,航空机场,1,,,,,,✓,,,,长期横盘：近2年涨跌+9.7%、近1年-5.2%，区间振幅仅19%（没有交易价值）
000099,中信海直,航空机场,1,,,,,✓,,,,,长期下跌：近1年跑输大盘32%、近2年跑输49%，且现价位于年线下方
000151,中成股份,贸易,1,,✓,,,,,,,,扣非连续7年亏损（主业不赚钱）
000158,常山北明,软件服务,1,,✓,,,,,,,,扣非连续10年亏损（主业不赚钱）
000402,金 融 街,房地产开发,1,,✓,,,,,,,,连续3年亏损（2023-2025）
000403,派林生物,生物制品,1,,,,,✓,,,,,长期下跌：近1年跑输大盘29%、近2年跑输83%，且现价位于年线下方
000410,沈阳机床,通用设备,1,,✓,,,,,,,,扣非连续10年亏损（主业不赚钱）
000428,华天酒店,酒店餐饮,1,,✓,,,,,,,,连续4年亏损（2022-2025）；资产负债率85%（高杠杆）
000430,张家界,旅游,1,,✓,,,,,,,,连续6年亏损（2020-2025）
000488,ST晨鸣,造纸,1,,✓,,,,,,,,连续3年亏损（2023-2025）；资产负债率96%（高杠杆）
000509,华塑控股,光学光电,1,,✓,,,,,,,,扣非连续10年亏损（主业不赚钱）
000510,新金路,化学原料,1,,✓,,,,,,,,连续3年亏损（2023-2025）
000518,四环生物,生物制品,1,,✓,,,,,,,,连续5年亏损（2021-2025）
000520,凤凰航运,航运港口,1,,✓,,,,,,,,连续3年亏损（2023-2025）
000525,红太阳,农用化工,1,,✓,,,,,,,,扣非连续3年亏损（主业不赚钱）
000526,学大教育,教育培训,1,,✓,,,,,,,,商誉12.4亿占净资产100%（减值风险）
000536,华映科技,光学光电,1,,✓,,,,,,,,连续5年亏损（2021-2025）；资产负债率90%（高杠杆）
000538,云南白药,中药,1,,,,,,✓,,,,长期横盘：近2年涨跌+2.6%、近1年-8.6%，区间振幅仅17%（没有交易价值）
000545,金浦钛业,化学原料,1,,✓,,,,,,,,连续4年亏损（2022-2025）
000546,金圆股份,环境治理,1,,✓,,,,,,,,扣非连续4年亏损（主业不赚钱）
000547,航天发展,军工电子,1,,✓,,,,,,,,连续3年亏损（2023-2025）
000553,安道麦A,农用化工,1,,✓,,,,,,,,连续3年亏损（2023-2025）
000558,天府文旅,旅游,1,,✓,,,,,,,,扣非连续9年亏损（主业不赚钱）
000559,万向钱潮,汽车零部件,1,✓,,,,,,,,,新闻复核入永久黑名单
000566,海南海药,化学制药,1,,✓,,,,,,,,连续3年亏损（2023-2025）；净资产-1.3亿（资不抵债）；资产负债率102%（高杠杆）
000568,泸州老窖,酿酒,1,,,,,✓,,,,,多年阴跌：近3年跑输大盘64%、近2年跑输64%、近1年仍跑输，现价在年线下方
000571,新大洲A,煤炭开采,1,,✓,,,,,,,,连续8年亏损（2018-2025）；净资产-0.1亿（资不抵债）
000572,海马汽车,乘用车,1,,✓,,,,,,,,连续4年亏损（2022-2025）
000573,粤宏远Ａ,房地产开发,1,,✓,,,,,,,,扣非连续3年亏损（主业不赚钱）
000590,古汉医药,中药,1,,✓,,,,,,,,扣非连续3年亏损（主业不赚钱）
000592,平潭发展,林业,1,,✓,,,,,,,,连续6年亏损（2020-2025）
000595,新能股份,电力,1,,✓,,,,,,,,扣非连续10年亏损（主业不赚钱）；资产负债率89%（高杠杆）
000596,古井贡酒,酿酒,1,,,,,✓,,,,,长期下跌：近1年跑输大盘27%、近2年跑输79%，且现价位于年线下方
000598,兴蓉环境,水务,1,,,,,,✓,,,,长期横盘：近2年涨跌-4.3%、近1年+7.5%，区间振幅仅19%（没有交易价值）
000599,青岛双星,汽车零部件,1,,✓,,,,,,,,连续7年亏损（2019-2025）
000603,盛达资源,贵金属,1,✓,,,,,,,,,新闻复核入永久黑名单
000608,阳光股份,房地产开发,1,,✓,,,,,,,,连续4年亏损（2022-2025）
000619,海螺新材,装饰建材,1,,✓,,,,,,,,连续5年亏损（2021-2025）
000620,盈新发展,房地产开发,1,,✓,,,,,,,,扣非连续6年亏损（主业不赚钱）
000625,长安汽车,乘用车,1,,,,,✓,,,,,多年阴跌：近3年跑输大盘50%、近2年跑输74%、近1年仍跑输，现价在年线下方
000626,远大控股,贸易,1,,✓,,,,,,,,连续3年亏损（2023-2025）
000632,ST三木,贸易,1,,✓,,,,,,,,连续3年亏损（2023-2025）；净资产-7.3亿（资不抵债）；资产负债率105%（高杠杆）
000635,英 力 特,化学原料,1,,✓,,,,,,,,连续4年亏损（2022-2025）
000637,茂化实华,石油化工,1,,✓,,,,,,,,连续4年亏损（2022-2025）
000651,格力电器,白色家电,1,,,,,,✓,,,,长期横盘：近2年涨跌+12.0%、近1年+1.5%，区间振幅仅11%（没有交易价值）
000659,珠海中富,包装印刷,1,,✓,,,,,,,,连续4年亏损（2022-2025）；资产负债率101%（高杠杆）
000661,长春高新,生物制品,1,,,,,✓,,,,,多年阴跌：近3年跑输大盘50%、近2年跑输48%、近1年仍跑输，现价在年线下方
000665,湖北广电,广播电视,1,,✓,,,,,,,,连续6年亏损（2020-2025）
000669,ST金鸿,燃气,1,,✓,,,,,,,,扣非连续8年亏损（主业不赚钱）；资产负债率93%（高杠杆）
000670,盈方微,其他电子,1,,✓,,,,,,,,连续3年亏损（2023-2025）；商誉4.0亿占净资产1228%（减值风险）
000678,襄阳轴承,汽车零部件,1,,✓,,,,,,,,连续6年亏损（2020-2025）
000679,大连友谊,一般零售,1,,✓,,,,,,,,连续5年亏损（2021-2025）；资产负债率97%（高杠杆）
000691,亚太实业,化学原料,1,,✓,,,,,,,,连续3年亏损（2023-2025）
000692,惠天热电,电力,1,,✓,,,,,,,,扣非连续10年亏损（主业不赚钱）；资产负债率101%（高杠杆）
000695,滨海能源,电池,1,,✓,,,,,,,,连续6年亏损（2020-2025）
000697,炼石航空,航空装备,1,,✓,,,,,,,,连续7年亏损（2019-2025）
000701,厦门信达,贸易,1,,✓,,,,,,,,扣非连续4年亏损（主业不赚钱）
000702,正虹科技,饲料,1,,✓,,,,,,,,连续5年亏损（2021-2025）
000707,双环科技,化学原料,1,,,,,✓,,,,,多年阴跌：近3年跑输大盘48%、近2年跑输63%、近1年仍跑输，现价在年线下方
000710,贝瑞基因,医疗服务,1,,✓,,,,,,,,连续5年亏损（2021-2025）
000711,ST京蓝,环境治理,1,,✓,,,,,,,,扣非连续7年亏损（主业不赚钱）
000712,锦龙股份,证券,1,,✓,,,,,,,,扣非连续5年亏损（主业不赚钱）
000717,中南股份,普钢,1,,✓,,,,,,,,扣非连续4年亏损（主业不赚钱）
000720,新能泰山,电网设备,1,,✓,,,,,,,,连续5年亏损（2021-2025）
000721,西安饮食,酒店餐饮,1,,✓,,,,,,,,连续5年亏损（2021-2025）；资产负债率90%（高杠杆）
000723,美锦能源,焦炭加工,1,,,,,✓,,,,,多年阴跌：近3年跑输大盘56%、近2年跑输44%、近1年仍跑输，现价在年线下方
000736,中交发展,房地产开发,1,,✓,,,,,,,,连续3年亏损（2023-2025）
000756,新华制药,化学制药,1,,,,,✓,,,,,多年阴跌：近3年跑输大盘45%、近2年跑输49%、近1年仍跑输，现价在年线下方
000759,中百集团,一般零售,1,,✓,,,,,,,,连续5年亏损（2021-2025）；资产负债率93%（高杠杆）
000761,本钢板材,普钢,1,,✓,,,,,,,,连续4年亏损（2022-2025）；资产负债率87%（高杠杆）
000782,恒申新材,化纤,1,,✓,,,,,,,,连续4年亏损（2022-2025）
000785,居然智家,商业物业经营,1,,,,,✓,,,,,多年阴跌：近3年跑输大盘44%、近2年跑输45%、近1年仍跑输，现价在年线下方
000789,万年青,水泥,1,,,,✓,,,,,,保壳特征：扣非连亏2年，靠非经常性损益维持账面盈利
000793,*ST华闻,出版业,1,,✓,,,,,,,,连续4年亏损（2022-2025）
000796,凯撒旅业,旅游,1,,✓,,,,,,,,扣非连续6年亏损（主业不赚钱）
000799,酒鬼酒,酿酒,1,,,,,✓,,,,,长期下跌：近1年跑输大盘32%、近2年跑输39%，且现价位于年线下方
000809,和展能源,风电设备,1,,✓,,,,,,,,连续7年亏损（2019-2025）
000813,德展健康,化学制药,1,,✓,,,,,,,,扣非连续5年亏损（主业不赚钱）
000816,智慧农业,通用设备,1,,✓,,,,,,,,连续4年亏损（2022-2025）
000819,岳阳兴长,石油化工,1,,,,,✓,,,,,多年阴跌：近3年跑输大盘41%、近2年跑输59%、近1年仍跑输，现价在年线下方
000821,ST京机,光伏设备,1,,,,,✓,,,,,多年阴跌：近3年跑输大盘62%、近2年跑输60%、近1年仍跑输，现价在年线下方
000825,太钢不锈,特钢,1,,✓,,,,,,,,扣非连续3年亏损（主业不赚钱）
000829,天音控股,专业连锁,1,,✓,,,,,,,,资产负债率90%（高杠杆）
000839,国安股份,电信服务,1,,✓,,,,,,,,扣非连续8年亏损（主业不赚钱）；资产负债率89%（高杠杆）
000848,承德露露,饮料乳品,1,,,,,,✓,,,,长期横盘：近2年涨跌+9.9%、近1年-0.3%，区间振幅仅20%（没有交易价值）
000858,五 粮 液,酿酒,1,,,,,✓,,,,,多年阴跌：近3年跑输大盘54%、近2年跑输70%、近1年仍跑输，现价在年线下方
000859,国风新材,塑料,1,,✓,,,,,,,,连续3年亏损（2023-2025）
000860,顺鑫农业,酿酒,1,,,,,✓,,,,,多年阴跌：近3年跑输大盘66%、近2年跑输72%、近1年仍跑输，现价在年线下方
000869,张 裕Ａ,酿酒,1,,,,,✓,,,,,多年阴跌：近3年跑输大盘48%、近2年跑输57%、近1年仍跑输，现价在年线下方
000876,新 希 望,饲料,1,,,,,✓,,,,,多年阴跌：近3年跑输大盘41%、近2年跑输56%、近1年仍跑输，现价在年线下方
000877,天山股份,水泥,1,,,,,✓,,,,,多年阴跌：近3年跑输大盘51%、近2年跑输57%、近1年仍跑输，现价在年线下方
000881,中广核技,化学制品,1,,✓,,,,,,,,连续3年亏损（2023-2025）
000882,华联股份,一般零售,1,,,,,,,,,✓,股价1.56元低于2.0元预警线（逼近面值退市）
000889,中嘉博创,通信工程,1,,✓,,,,,,,,连续5年亏损（2021-2025）；商誉1.1亿占净资产55%（减值风险）
000890,法尔胜,环境治理,1,,✓,,,,,,,,扣非连续8年亏损（主业不赚钱）；商誉0.5亿占净资产3263%（减值风险）；资产负债率96%（高杠杆）
000892,欢瑞世纪,影视院线,1,,✓,,,,,,,,连续3年亏损（2023-2025）
000895,双汇发展,食品加工,1,,,,,,✓,,,,长期横盘：近2年涨跌+10.9%、近1年-2.8%，区间振幅仅17%（没有交易价值）
000897,津滨发展,房地产开发,1,,,,,,,,,✓,股价1.93元低于2.0元预警线（逼近面值退市）
000898,鞍钢股份,普钢,1,,✓,,,,,,,,连续3年亏损（2023-2025）
000903,ST云动,汽车零部件,1,,✓,,,,,,,,连续4年亏损（2022-2025）；商誉3.0亿占净资产62%（减值风险）；资产负债率95%（高杠杆）
000906,浙商中拓,物流,1,,,,✓,,,,,,保壳特征：扣非连亏2年，靠非经常性损益维持账面盈利
000908,石药景峰,化学制药,1,,✓,,,,,,,,扣非连续7年亏损（主业不赚钱）
000912,泸天化,农用化工,1,,,,✓,,,,,,保壳特征：扣非连亏2年，靠非经常性损益维持账面盈利
000926,福星股份,房地产开发,1,,,,,✓,,,,,多年阴跌：近3年跑输大盘41%、近2年跑输35%、近1年仍跑输，现价在年线下方
000929,兰州黄河,酿酒,1,,✓,,,,,,,,连续4年亏损（2022-2025）
000936,华西股份,化纤,1,,,,,✓,,,,,多年阴跌：近3年跑输大盘53%、近2年跑输41%、近1年仍跑输，现价在年线下方
000938,紫光股份,IT设备,1,,✓,,,,,,,,商誉139.9亿占净资产78%（减值风险）
000952,广济药业,化学制药,1,,✓,,,,,,,,连续3年亏损（2023-2025）
000955,欣龙控股,纺织制造,1,,✓,,,,,,,,扣非连续5年亏损（主业不赚钱）
000963,华东医药,化学制药,1,,,,,✓,,,,,长期下跌：近1年跑输大盘25%、近2年跑输46%，且现价位于年线下方
000972,中基健康,农产品加工,1,,✓,,,,,,,,净资产-0.4亿（资不抵债）；资产负债率104%（高杠杆）
000981,山子高科,汽车零部件,1,,✓,,,,,,,,扣非连续8年亏损（主业不赚钱）
000995,皇台酒业,酿酒,1,✓,,,,,,,,,新闻复核入永久黑名单
000998,隆平高科,种植业,1,,✓,,,,,,,,商誉43.5亿占净资产66%（减值风险）
001227,兰州银行,地方性银行,1,,,,,,✓,,,,长期横盘：近2年涨跌+3.5%、近1年-6.9%，区间振幅仅16%（没有交易价值）
001232,嘉立创,元器件,1,,,,,,,,✓,,次新股：上市仅28个交易日（无历史规律，上市初无涨跌停限制）
001238,浙江正特,家居用品,1,,,,,,,✓,,,流动性枯竭：近60日日均成交额0.17亿（低于0.2亿）
001248,华润新能,电力,1,,,,,,,,✓,,次新股：上市仅51个交易日（无历史规律，上市初无涨跌停限制）
001269,欧晶科技,光伏设备,1,,,,,✓,,,,,多年阴跌：近3年跑输大盘67%、近2年跑输65%、近1年仍跑输，现价在年线下方
001287,中电港,其他电子,1,,✓,,,,,,,,资产负债率89%（高杠杆）
001322,箭牌家居,家居用品,1,,,,,✓,,,,,多年阴跌：近3年跑输大盘68%、近2年跑输39%、近1年仍跑输，现价在年线下方
001330,博纳影业,影视院线,1,,✓,,,,,,,,连续4年亏损（2022-2025）
001331,胜通能源,燃气,1,,✓,,,,,,,,扣非连续3年亏损（主业不赚钱）
001338,永顺泰,酿酒,1,,,,,✓,,,,,多年阴跌：近3年跑输大盘50%、近2年跑输31%、近1年仍跑输，现价在年线下方
001399,惠科股份,光学光电,1,,,,,,,,✓,,次新股：上市仅55个交易日（无历史规律，上市初无涨跌停限制）
001896,豫能控股,电力,1,,✓,,,,,,,,资产负债率87%（高杠杆）
001914,招商积余,房产服务,1,,,,,✓,,,,,多年阴跌：近3年跑输大盘43%、近2年跑输32%、近1年仍跑输，现价在年线下方
001965,招商公路,公路铁路,1,,,,,,✓,,,,长期横盘：近2年涨跌-14.1%、近1年-2.5%，区间振幅仅16%（没有交易价值）
001979,招商蛇口,房地产开发,1,,,,,✓,,,,,多年阴跌：近3年跑输大盘42%、近2年跑输53%、近1年仍跑输，现价在年线下方
002005,德豪润达,小家电,1,,✓,,,,,,,,扣非连续10年亏损（主业不赚钱）
002009,天奇股份,专用设备,1,,✓,,,,,,,,扣非连续3年亏损（主业不赚钱）
002019,亿帆医药,化学制药,1,,,,,✓,,,,,长期下跌：近1年跑输大盘28%、近2年跑输52%，且现价位于年线下方
002031,巨轮智能,专用设备,1,,✓,,,,,,,,连续3年亏损（2023-2025）
002038,双鹭药业,生物制品,1,,,,,✓,,,,,多年阴跌：近3年跑输大盘41%、近2年跑输56%、近1年仍跑输，现价在年线下方
002042,华孚时尚,纺织制造,1,,✓,,,,,,,,扣非连续4年亏损（主业不赚钱）
002044,美年健康,医疗服务,1,,✓,,,,,,,,商誉51.9亿占净资产65%（减值风险）
002045,国光电器,消费电子,1,,,,,✓,,,,,长期下跌：近1年跑输大盘36%、近2年跑输60%，且现价位于年线下方
002047,宝鹰股份,装修装饰,1,,✓,,,,,,,,扣非连续5年亏损（主业不赚钱）；资产负债率98%（高杠杆）
002055,ST得润,消费电子,1,,✓,,,,,,,,连续7年亏损（2019-2025）
002059,云南旅游,旅游,1,,✓,,,,,,,,连续5年亏损（2021-2025）
002060,广东建工,基础建设,1,,✓,,,,,,,,资产负债率89%（高杠杆）
002068,黑猫股份,橡胶,1,,✓,,,,,,,,扣非连续4年亏损（主业不赚钱）
002069,獐子岛,渔业,1,,✓,,,,,,,,资产负债率97%（高杠杆）
002075,沙钢股份,特钢,1,,,,,✓,,,,,长期下跌：近1年跑输大盘26%、近2年跑输60%，且现价位于年线下方
002076,星光股份,光学光电,1,,✓,,,,,,,,连续3年亏损（2023-2025）
002084,海鸥住工,家居用品,1,,✓,,,,,,,,连续3年亏损（2023-2025）
002085,万丰奥威,汽车零部件,1,,,,,✓,,,,,长期下跌：近1年跑输大盘31%、近2年跑输49%，且现价位于年线下方
002086,东方海洋,渔业,1,,✓,,,,,,,,扣非连续8年亏损（主业不赚钱）
002088,鲁阳节能,装饰建材,1,,,,,✓,,,,,多年阴跌：近3年跑输大盘45%、近2年跑输50%、近1年仍跑输，现价在年线下方
002092,中泰化学,化学原料,1,,✓,,,,,,,,连续3年亏损（2023-2025）
002099,海翔药业,化学制药,1,,✓,,,,,,,,连续3年亏损（2023-2025）
002101,广东鸿图,汽车零部件,1,,,,,✓,,,,,多年阴跌：近3年跑输大盘56%、近2年跑输45%、近1年仍跑输，现价在年线下方
002102,ST能特,化学制药,1,✓,,,,,,,,,新闻复核入永久黑名单
002114,罗平锌电,工业金属,1,,✓,,,,,,,,连续4年亏损（2022-2025）
002121,科陆电子,电网设备,1,,✓,,,,,,,,连续5年亏损（2021-2025）；资产负债率98%（高杠杆）
002141,贤丰控股,元器件,1,,✓,,,,,,,,扣非连续4年亏损（主业不赚钱）
002151,北斗星通,军工电子,1,,✓,,,,,,,,扣非连续3年亏损（主业不赚钱）
002153,石基信息,云服务,1,,✓,,,,,,,,连续6年亏损（2020-2025）
002157,正邦科技,养殖业,1,,✓,,,,,,,,扣非连续5年亏损（主业不赚钱）
002161,远 望 谷,通信设备,1,,,,✓,,,,,,保壳特征：扣非连亏2年，靠非经常性损益维持账面盈利
002162,悦心健康,装饰建材,1,,✓,,,,,,,,扣非连续4年亏损（主业不赚钱）
002163,海南发展,装修装饰,1,,✓,,,,,,,,扣非连续5年亏损（主业不赚钱）
002168,ST惠程,电网设备,1,,✓,,,,,,,,扣非连续6年亏损（主业不赚钱）；净资产-0.1亿（资不抵债）；资产负债率94%（高杠杆）
002169,智光电气,电网设备,1,,✓,,,,,,,,扣非连续5年亏损（主业不赚钱）
002172,澳洋健康,医疗服务,1,,✓,,,,,,,,资产负债率90%（高杠杆）
002173,创新医疗,医疗服务,1,,✓,,,,,,,,连续7年亏损（2019-2025）
002176,江特电机,能源金属,1,,✓,,,,,,,,连续3年亏损（2023-2025）
002178,延华智能,软件服务,1,,✓,,,,,,,,扣非连续9年亏损（主业不赚钱）
002180,奔图科技,IT设备,1,,,,,✓,,,,,多年阴跌：近3年跑输大盘58%、近2年跑输69%、近1年仍跑输，现价在年线下方
002189,中光学,光学光电,1,,✓,,,,,,,,连续4年亏损（2022-2025）
002190,成飞集成,汽车零部件,1,,✓,,,,,,,,扣非连续3年亏损（主业不赚钱）
002197,证通电子,云服务,1,,✓,,,,,,,,连续4年亏损（2022-2025）
002198,ST嘉应,中药,1,,,,,✓,,,,,长期下跌：近1年跑输大盘31%、近2年跑输80%，且现价位于年线下方
002199,*ST东晶,元器件,1,,✓,,,,,,,,连续4年亏损（2022-2025）
002200,交投生态,基础建设,1,,✓,,,,,,,,扣非连续10年亏损（主业不赚钱）
002205,国统股份,水泥,1,,✓,,,,,,,,连续4年亏损（2022-2025）；资产负债率92%（高杠杆）
002211,ST宏达,化学制品,1,,✓,,,,,,,,连续3年亏损（2023-2025）；资产负债率89%（高杠杆）
002213,大为股份,半导体,1,,✓,,,,,,,,连续3年亏损（2023-2025）
002214,*ST大立,军工电子,1,,✓,,,,,,,,连续4年亏损（2022-2025）
002219,新里程,医疗服务,1,,✓,,,,,,,,商誉11.1亿占净资产56%（减值风险）
002229,鸿博股份,包装印刷,1,,✓,,,,,,,,连续4年亏损（2022-2025）
002232,启明信息,软件服务,1,,,,,✓,,,,,长期下跌：近1年跑输大盘30%、近2年跑输57%，且现价位于年线下方
002234,民和股份,养殖业,1,,✓,,,,,,,,连续4年亏损（2022-2025）
002253,川大智胜,软件服务,1,,✓,,,,,,,,连续4年亏损（2022-2025）
002256,兆新股份,电力,1,,✓,,,,,,,,扣非连续8年亏损（主业不赚钱）
002272,川润股份,通用设备,1,,✓,,,,,,,,连续3年亏损（2023-2025）
002285,世联行,房产服务,1,,✓,,,,,,,,连续5年亏损（2021-2025）
002289,宇顺电子,光学光电,1,,✓,,,,,,,,扣非连续10年亏损（主业不赚钱）；商誉20.3亿占净资产409%（减值风险）；资产负债率90%（高杠杆）
002291,遥望科技,广告营销,1,,✓,,,,,,,,连续5年亏损（2021-2025）
002298,中电鑫龙,电网设备,1,,✓,,,,,,,,连续4年亏损（2022-2025）
002304,洋河股份,酿酒,1,,,,,✓,,,,,多年阴跌：近3年跑输大盘64%、近2年跑输73%、近1年仍跑输，现价在年线下方
002305,*ST南置,房地产开发,1,,✓,,,,,,,,连续5年亏损（2021-2025）
002306,ST云网,酒店餐饮,1,,✓,,,,,,,,连续4年亏损（2022-2025）；资产负债率85%（高杠杆）
002307,北新路桥,基础建设,1,,✓,,,,,,,,扣非连续3年亏损（主业不赚钱）；资产负债率87%（高杠杆）
002309,中利集团,光伏设备,1,,✓,,,,,,,,连续6年亏损（2020-2025）
002310,东方新能,电力,1,,✓,,,,,,,,连续6年亏损（2020-2025）
002313,日海智能,通信设备,1,,✓,,,,,,,,连续6年亏损（2020-2025）；商誉2.2亿占净资产250%（减值风险）；资产负债率97%（高杠杆）
002326,永太科技,化学制品,1,,✓,,,,,,,,连续3年亏损（2023-2025）
002327,富安娜,服装家纺,1,,,,,,✓,,,,长期横盘：近2年涨跌-3.9%、近1年-7.0%，区间振幅仅15%（没有交易价值）
002329,皇氏集团,饮料乳品,1,,✓,,,,,,,,扣非连续6年亏损（主业不赚钱）；资产负债率88%（高杠杆）
002330,得利斯,食品加工,1,,✓,,,,,,,,连续3年亏损（2023-2025）
002342,巨力索具,通用设备,1,✓,,,,,,,,,新闻复核入永久黑名单
002347,泰尔股份,通用设备,1,,✓,,,,,,,,扣非连续4年亏损（主业不赚钱）
002348,高乐股份,文娱用品,1,,✓,,,,,,,,连续7年亏损（2019-2025）
002351,漫步者,消费电子,1,,,,,✓,,,,,多年阴跌：近3年跑输大盘45%、近2年跑输49%、近1年仍跑输，现价在年线下方
002354,天娱数科,广告营销,1,,✓,,,,,,,,连续4年亏损（2022-2025）
002355,兴民智通,汽车零部件,1,,✓,,,,,,,,扣非连续8年亏损（主业不赚钱）
002361,神剑股份,塑料,1,✓,,,,,,,,,新闻复核入永久黑名单
002366,融发核电,专用设备,1,,✓,,,,,,,,扣非连续7年亏损（主业不赚钱）
002368,太极股份,软件服务,1,,,,,✓,,,,,长期下跌：近1年跑输大盘41%、近2年跑输49%，且现价位于年线下方
002369,卓翼科技,通信设备,1,,✓,,,,,,,,连续6年亏损（2020-2025）；资产负债率94%（高杠杆）
002372,伟星新材,装饰建材,1,,,,,✓,,,,,多年阴跌：近3年跑输大盘52%、近2年跑输61%、近1年仍跑输，现价在年线下方
002373,千方科技,软件服务,1,,,,,✓,,,,,多年阴跌：近3年跑输大盘47%、近2年跑输44%、近1年仍跑输，现价在年线下方
002374,中锐股份,包装印刷,1,,✓,,,,,,,,连续6年亏损（2020-2025）
002377,国创高新,装饰建材,1,,✓,,,,,,,,扣非连续6年亏损（主业不赚钱）
002379,宏桥控股,工业金属,1,,✓,,,,,,,,扣非连续3年亏损（主业不赚钱）
002382,蓝帆医疗,医疗器械,1,,✓,,,,,,,,连续4年亏损（2022-2025）；商誉37.6亿占净资产53%（减值风险）
002383,合众思壮,通信设备,1,,✓,,,,,,,,扣非连续7年亏损（主业不赚钱）
002385,大北农,饲料,1,,,,,✓,,,,,多年阴跌：近3年跑输大盘52%、近2年跑输50%、近1年仍跑输，现价在年线下方
002386,天原股份,化学原料,1,,✓,,,,,,,,扣非连续3年亏损（主业不赚钱）
002387,维信诺,光学光电,1,,✓,,,,,,,,连续5年亏损（2021-2025）；资产负债率88%（高杠杆）
002388,新亚制程,其他电子,1,,✓,,,,,,,,连续3年亏损（2023-2025）
002389,航天彩虹,航空装备,1,,,,✓,,,,,,保壳特征：扣非连亏2年，靠非经常性损益维持账面盈利
002401,中远海科,软件服务,1,,,,,✓,,,,,多年阴跌：近3年跑输大盘48%、近2年跑输45%、近1年仍跑输，现价在年线下方
002403,爱仕达,小家电,1,,✓,,,,,,,,扣非连续6年亏损（主业不赚钱）
002410,广联达,云服务,1,,,,,✓,,,,,长期下跌：近1年跑输大盘28%、近2年跑输49%，且现价位于年线下方
002413,雷科防务,军工电子,1,,✓,,,,,,,,连续5年亏损（2021-2025）
002425,凯撒文化,游戏,1,,✓,,,,,,,,连续4年亏损（2022-2025）；商誉12.7亿占净资产52%（减值风险）
002426,胜利精密,消费电子,1,,✓,,,,,,,,连续4年亏损（2022-2025）
002439,启明星辰,软件服务,1,,,,,✓,,,,,多年阴跌：近3年跑输大盘61%、近2年跑输39%、近1年仍跑输，现价在年线下方
002453,华软科技,化学制品,1,,✓,,,,,,,,连续5年亏损（2021-2025）
002459,晶澳科技,光伏设备,1,,,,,✓,,,,,长期下跌：近1年跑输大盘32%、近2年跑输70%，且现价位于年线下方
002468,申通快递,物流,1,✓,,,,,,,,,新闻复核入永久黑名单
002471,中超控股,电网设备,1,,✓,,,,,,,,扣非连续4年亏损（主业不赚钱）
002474,榕基软件,软件服务,1,,✓,,,,,,,,连续3年亏损（2023-2025）
002480,新筑股份,轨交设备,1,,✓,,,,,,,,连续5年亏损（2021-2025）
002485,ST雪发,贸易,1,,✓,,,,,,,,连续6年亏损（2020-2025）
002490,山东墨龙,专用设备,1,,✓,,,,,,,,扣非连续7年亏损（主业不赚钱）
002496,辉丰股份,农用化工,1,,✓,,,,,,,,连续4年亏损（2022-2025）
002506,协鑫集成,光伏设备,1,,✓,,,,,,,,资产负债率96%（高杠杆）
002512,ST达华,IT设备,1,,✓,,,,,,,,扣非连续8年亏损（主业不赚钱）；商誉2.3亿占净资产70%（减值风险）
002513,蓝丰生化,光伏设备,1,,✓,,,,,,,,连续5年亏损（2021-2025）；资产负债率93%（高杠杆）
002520,日发精机,通用设备,1,,✓,,,,,,,,连续4年亏损（2022-2025）
002524,光正眼科,医疗服务,1,,✓,,,,,,,,扣非连续10年亏损（主业不赚钱）；商誉2.4亿占净资产214%（减值风险）；资产负债率90%（高杠杆）
002527,新时达,自动化设备,1,,✓,,,,,,,,扣非连续4年亏损（主业不赚钱）
002528,*ST英飞,IT设备,1,,✓,,,,,,,,连续5年亏损（2021-2025）；净资产-2.2亿（资不抵债）；资产负债率116%（高杠杆）
002529,海源复材,专用设备,1,,✓,,,,,,,,连续5年亏损（2021-2025）；资产负债率92%（高杠杆）
002544,普天科技,通信工程,1,,,,,✓,,,,,长期下跌：近1年跑输大盘29%、近2年跑输43%，且现价位于年线下方
002548,金新农,饲料,1,,✓,,,,,,,,扣非连续5年亏损（主业不赚钱）
002557,洽洽食品,休闲食品,1,,,,,✓,,,,,多年阴跌：近3年跑输大盘48%、近2年跑输56%、近1年仍跑输，现价在年线下方
002564,天沃科技,专用设备,1,,✓,,,,,,,,资产负债率93%（高杠杆）
002567,唐人神,饲料,1,,,,,✓,,,,,多年阴跌：近3年跑输大盘44%、近2年跑输59%、近1年仍跑输，现价在年线下方
002568,百润股份,酿酒,1,,,,,✓,,,,,多年阴跌：近3年跑输大盘52%、近2年跑输33%、近1年仍跑输，现价在年线下方
002571,德力股份,家居用品,1,,✓,,,,,,,,连续4年亏损（2022-2025）
002572,索菲亚,家居用品,1,,,,,✓,,,,,多年阴跌：近3年跑输大盘42%、近2年跑输63%、近1年仍跑输，现价在年线下方
002573,清新环境,环境治理,1,,,,,✓,,,,,多年阴跌：近3年跑输大盘41%、近2年跑输45%、近1年仍跑输，现价在年线下方
002582,好想你,休闲食品,1,,✓,,,,,,,,扣非连续6年亏损（主业不赚钱）
002583,海能达,通信设备,1,,✓,,,,,,,,连续3年亏损（2023-2025）
002585,双星新材,塑料,1,,✓,,,,,,,,连续3年亏损（2023-2025）
002591,恒大高新,环保设备,1,,✓,,,,,,,,连续4年亏损（2022-2025）
002596,海南瑞泽,水泥,1,,✓,,,,,,,,连续5年亏损（2021-2025）；资产负债率86%（高杠杆）
002598,ST章鼓,通用设备,1,,,,,✓,,,,,长期下跌：近1年跑输大盘28%、近2年跑输40%，且现价位于年线下方
002605,姚记科技,游戏,1,,,,,✓,,,,,多年阴跌：近3年跑输大盘47%、近2年跑输41%、近1年仍跑输，现价在年线下方
002612,朗姿股份,服装家纺,1,,✓,,,,,,,,商誉19.6亿占净资产70%（减值风险）
002620,*ST瑞和,装修装饰,1,,✓,,,,,,,,连续3年亏损（2023-2025）；净资产-1.0亿（资不抵债）；资产负债率95%（高杠杆）
002622,皓宸医疗,医疗服务,1,,✓,,,,,,,,连续6年亏损（2020-2025）；商誉1.9亿占净资产71%（减值风险）
002631,德尔未来,家居用品,1,,✓,,,,,,,,扣非连续4年亏损（主业不赚钱）
002634,*ST棒杰,服装家纺,1,,✓,,,,,,,,连续3年亏损（2023-2025）；净资产-3.5亿（资不抵债）；资产负债率153%（高杠杆）
002638,勤上股份,光学光电,1,,✓,,,,,,,,连续3年亏损（2023-2025）
002640,跨境通,电子商务,1,,✓,,,,,,,,连续3年亏损（2023-2025）；商誉10.6亿占净资产158%（减值风险）
002646,天佑德酒,酿酒,1,,,,,✓,,,,,多年阴跌：近3年跑输大盘55%、近2年跑输61%、近1年仍跑输，现价在年线下方
002647,仁东控股,多元金融,1,,✓,,,,,,,,商誉8.9亿占净资产143%（减值风险）
002650,ST加加,调味品,1,,✓,,,,,,,,连续5年亏损（2021-2025）
002652,扬子新材,装饰建材,1,,✓,,,,,,,,扣非连续7年亏损（主业不赚钱）
002656,摩登大道,服装家纺,1,,✓,,,,,,,,连续5年亏损（2021-2025）
002657,中科金财,软件服务,1,,✓,,,,,,,,连续5年亏损（2021-2025）
002659,凯文教育,教育培训,1,,✓,,,,,,,,连续6年亏损（2020-2025）
002663,普邦股份,基础建设,1,,,,,,,,,✓,股价1.76元低于2.0元预警线（逼近面值退市）
002667,*ST威领,能源金属,1,,✓,,,,,,,,连续3年亏损（2023-2025）；净资产-0.5亿（资不抵债）；资产负债率91%（高杠杆）
002670,国盛证券,证券,1,✓,,,,,,,,,新闻复核入永久黑名单
002674,兴业科技,纺织制造,1,✓,,,,,,,,,新闻复核入永久黑名单
002675,东诚药业,化学制药,1,,✓,,,,,,,,商誉24.8亿占净资产56%（减值风险）
002678,珠江钢琴,文娱用品,1,,✓,,,,,,,,扣非连续3年亏损（主业不赚钱）
002682,龙洲股份,物流,1,,✓,,,,,,,,连续4年亏损（2022-2025）；商誉2.9亿占净资产59%（减值风险）；资产负债率89%（高杠杆）
002683,广东宏大,化学制品,1,,✓,,,,,,,,商誉36.3亿占净资产51%（减值风险）
002689,ST远智,专用设备,1,,,,,,,✓,,,流动性枯竭：近60日日均成交额0.19亿（低于0.2亿）
002698,博实股份,专用设备,1,,,,,✓,,,,,多年阴跌：近3年跑输大盘41%、近2年跑输37%、近1年仍跑输，现价在年线下方
002702,海欣食品,食品加工,1,,✓,,,,,,,,扣非连续3年亏损（主业不赚钱）
002712,思美传媒,广告营销,1,,✓,,,,,,,,连续4年亏损（2022-2025）
002713,东易日盛,装修装饰,1,,✓,,,,,,,,扣非连续4年亏损（主业不赚钱）
002719,ST麦趣,饮料乳品,1,,✓,,,,,,,,连续4年亏损（2022-2025）；资产负债率93%（高杠杆）
002723,小崧股份,小家电,1,,✓,,,,,,,,连续3年亏损（2023-2025）
002727,一心堂,医药商业,1,,,,,✓,,,,,多年阴跌：近3年跑输大盘56%、近2年跑输43%、近1年仍跑输，现价在年线下方
002732,燕塘乳业,饮料乳品,1,,,,,✓,,,,,多年阴跌：近3年跑输大盘42%、近2年跑输35%、近1年仍跑输，现价在年线下方
002741,光华科技,电子化学品,1,✓,,,,,,,,,新闻复核入永久黑名单
002742,冀衡医药,化学制药,1,,✓,,,,,,,,连续5年亏损（2021-2025）；商誉1.8亿占净资产124%（减值风险）
002755,奥赛康,化学制药,1,,,,,✓,,,,,长期下跌：近1年跑输大盘38%、近2年跑输35%，且现价位于年线下方
002762,金发拉比,服装家纺,1,,✓,,,,,,,,扣非连续4年亏损（主业不赚钱）
002773,康弘药业,化学制药,1,,,,,✓,,,,,长期下跌：近1年跑输大盘38%、近2年跑输43%，且现价位于年线下方
002775,文科股份,基础建设,1,,✓,,,,,,,,连续5年亏损（2021-2025）；商誉0.4亿占净资产71%（减值风险）；资产负债率99%（高杠杆）
002777,久远银海,软件服务,1,,,,,✓,,,,,多年阴跌：近3年跑输大盘65%、近2年跑输38%、近1年仍跑输，现价在年线下方
002779,中坚科技,专用设备,1,✓,,,,,,,,,新闻复核入永久黑名单
002786,银宝山新,专用设备,1,,✓,,,,,,,,扣非连续7年亏损（主业不赚钱）；资产负债率95%（高杠杆）
002789,*ST建艺,装修装饰,1,,✓,,,,,,,,连续3年亏损（2023-2025）；商誉2.7亿占净资产446%（减值风险）；资产负债率96%（高杠杆）
002791,坚朗五金,装饰建材,1,,,,,✓,,,,,多年阴跌：近3年跑输大盘81%、近2年跑输65%、近1年仍跑输，现价在年线下方
002793,罗欣药业,化学制药,1,,✓,,,,,,,,连续4年亏损（2022-2025）
002795,永和智控,通用设备,1,,✓,,,,,,,,连续4年亏损（2022-2025）
002796,世嘉科技,通信设备,1,,✓,,,,,,,,扣非连续5年亏损（主业不赚钱）
002798,帝欧水华,家居用品,1,,✓,,,,,,,,连续4年亏损（2022-2025）
002799,环球印务,包装印刷,1,,✓,,,,,,,,连续3年亏损（2023-2025）
002805,丰元股份,电池,1,,✓,,,,,,,,连续3年亏损（2023-2025）
002806,华锋股份,汽车零部件,1,,✓,,,,,,,,扣非连续4年亏损（主业不赚钱）
002818,富森美,商业物业经营,1,,,,,,✓,,,,长期横盘：近2年涨跌+14.0%、近1年+0.1%，区间振幅仅11%（没有交易价值）
002819,东方中科,通用设备,1,,✓,,,,,,,,连续3年亏损（2023-2025）
002822,ST中装,装修装饰,1,,✓,,,,,,,,连续3年亏损（2023-2025）
002829,星网宇达,航天装备,1,,,,,✓,,,,,多年阴跌：近3年跑输大盘41%、近2年跑输37%、近1年仍跑输，现价在年线下方
002840,华统股份,食品加工,1,,,,,✓,,,,,多年阴跌：近3年跑输大盘53%、近2年跑输66%、近1年仍跑输，现价在年线下方
002848,高斯贝尔,黑色家电,1,,✓,,,,,,,,连续6年亏损（2020-2025）
002855,捷荣技术,消费电子,1,,✓,,,,,,,,连续5年亏损（2021-2025）；资产负债率90%（高杠杆）
002856,*ST美芝,装修装饰,1,,✓,,,,,,,,连续5年亏损（2021-2025）；净资产-0.7亿（资不抵债）；资产负债率103%（高杠杆）
002858,力盛体育,体育,1,,✓,,,,,,,,连续4年亏损（2022-2025）
002861,瀛通通讯,消费电子,1,,✓,,,,,,,,扣非连续5年亏损（主业不赚钱）
002862,实丰文化,文娱用品,1,,✓,,,,,,,,扣非连续6年亏损（主业不赚钱）
002865,钧达股份,光伏设备,1,,,,,✓,,,,,多年阴跌：近3年跑输大盘70%、近2年跑输41%、近1年仍跑输，现价在年线下方
002868,绿康生化,动物保健,1,,✓,,,,,,,,连续5年亏损（2021-2025）；资产负债率90%（高杠杆）
002869,金溢科技,其他电子,1,,,,,✓,,,,,长期下跌：近1年跑输大盘36%、近2年跑输71%，且现价位于年线下方
002870,香山股份,汽车零部件,1,,✓,,,,,,,,商誉8.0亿占净资产50%（减值风险）
002875,安奈儿,服装家纺,1,,✓,,,,,,,,连续6年亏损（2020-2025）
002880,卫光生物,生物制品,1,,,,,✓,,,,,多年阴跌：近3年跑输大盘43%、近2年跑输56%、近1年仍跑输，现价在年线下方
002883,*ST中设,工程咨询服务,1,,,,,,,✓,,,流动性枯竭：近60日日均成交额0.12亿（低于0.2亿）
002884,凌霄泵业,通用设备,1,,,,,,✓,,,,长期横盘：近2年涨跌+9.6%、近1年-1.9%，区间振幅仅16%（没有交易价值）
002902,铭普光磁,通信设备,1,,✓,,,,,,,,连续3年亏损（2023-2025）
002905,金逸影视,影视院线,1,,✓,,,,,,,,扣非连续6年亏损（主业不赚钱）；资产负债率98%（高杠杆）
002908,德生科技,软件服务,1,,,,,✓,,,,,多年阴跌：近3年跑输大盘51%、近2年跑输35%、近1年仍跑输，现价在年线下方
002910,庄园牧场,饮料乳品,1,,✓,,,,,,,,连续3年亏损（2023-2025）
002920,德赛西威,汽车零部件,1,,,,,✓,,,,,多年阴跌：近3年跑输大盘50%、近2年跑输43%、近1年仍跑输，现价在年线下方
002921,联诚精密,汽车零部件,1,,✓,,,,,,,,扣非连续3年亏损（主业不赚钱）
002930,宏川智慧,物流,1,,,,,✓,,,,,多年阴跌：近3年跑输大盘58%、近2年跑输43%、近1年仍跑输，现价在年线下方
002936,郑州银行,地方性银行,1,,,,,,,,,✓,股价1.81元低于2.0元预警线（逼近面值退市）
002951,金时科技,包装印刷,1,,✓,,,,,,,,连续4年亏损（2022-2025）
002959,小熊电器,小家电,1,,,,,✓,,,,,长期下跌：近1年跑输大盘26%、近2年跑输61%，且现价位于年线下方
002963,豪尔赛,装修装饰,1,,✓,,,,,,,,扣非连续5年亏损（主业不赚钱）
002984,森麒麟,汽车零部件,1,,,,,✓,,,,,多年阴跌：近3年跑输大盘48%、近2年跑输72%、近1年仍跑输，现价在年线下方
002989,中天精装,装修装饰,1,,✓,,,,,,,,扣非连续3年亏损（主业不赚钱）
002991,甘源食品,休闲食品,1,,,,,✓,,,,,多年阴跌：近3年跑输大盘49%、近2年跑输50%、近1年仍跑输，现价在年线下方
002992,宝明科技,光学光电,1,,,,,✓,,,,,长期下跌：近1年跑输大盘35%、近2年跑输63%，且现价位于年线下方
002995,天地在线,广告营销,1,,✓,,,,,,,,连续3年亏损（2023-2025）
003006,百亚股份,造纸,1,,,,,✓,,,,,长期下跌：近1年跑输大盘28%、近2年跑输53%，且现价位于年线下方
003012,东鹏控股,装饰建材,1,,,,,✓,,,,,多年阴跌：近3年跑输大盘55%、近2年跑输44%、近1年仍跑输，现价在年线下方
003029,吉大正元,软件服务,1,,✓,,,,,,,,连续4年亏损（2022-2025）
003038,鑫铂股份,工业金属,1,,,,,✓,,,,,长期下跌：近1年跑输大盘26%、近2年跑输49%，且现价位于年线下方
003042,中农联合,农用化工,1,,✓,,,,,,,,连续3年亏损（2023-2025）
300002,神州泰岳,游戏,1,,,,,✓,,,,,长期下跌：近1年跑输大盘28%、近2年跑输42%，且现价位于年线下方
300003,乐普医疗,医疗器械,1,,,,,✓,,,,,长期下跌：近1年跑输大盘26%、近2年跑输39%，且现价位于年线下方
300006,莱美药业,化学制药,1,,✓,,,,,,,,连续7年亏损（2019-2025）
300011,鼎汉技术,轨交设备,1,,✓,,,,,,,,扣非连续6年亏损（主业不赚钱）
300013,新宁物流,物流,1,,✓,,,,,,,,连续8年亏损（2018-2025）
300015,爱尔眼科,医疗服务,1,,,,,✓,,,,,多年阴跌：近3年跑输大盘61%、近2年跑输56%、近1年仍跑输，现价在年线下方
300024,机器人,自动化设备,1,,✓,,,,,,,,扣非连续6年亏损（主业不赚钱）
300025,华星创业,通信工程,1,,✓,,,,,,,,连续3年亏损（2023-2025）
300026,红日药业,中药,1,,,,,✓,,,,,多年阴跌：近3年跑输大盘41%、近2年跑输41%、近1年仍跑输，现价在年线下方
300036,超图软件,软件服务,1,,,,,✓,,,,,长期下跌：近1年跑输大盘28%、近2年跑输64%，且现价位于年线下方
300044,*ST赛为,软件服务,1,,✓,,,,,,,,连续7年亏损（2019-2025）；净资产-11.5亿（资不抵债）；资产负债率222%（高杠杆）
300045,华力创通,军工电子,1,,,,,✓,,,,,长期下跌：近1年跑输大盘43%、近2年跑输68%，且现价位于年线下方
300051,琏升科技,综合类,1,,✓,,,,,,,,连续8年亏损（2018-2025）
300052,中青宝,游戏,1,,✓,,,,,,,,连续6年亏损（2020-2025）
300053,航宇微,半导体,1,,✓,,,,,,,,连续4年亏损（2022-2025）
300055,万邦达,石油化工,1,,✓,,,,,,,,扣非连续3年亏损（主业不赚钱）
300057,万顺新材,工业金属,1,,✓,,,,,,,,连续3年亏损（2023-2025）
300067,安诺其,化学制品,1,,✓,,,,,,,,扣非连续3年亏损（主业不赚钱）
300070,碧水源,环境治理,1,,,,,✓,,,,,多年阴跌：近3年跑输大盘40%、近2年跑输52%、近1年仍跑输，现价在年线下方
300071,福石控股,广告营销,1,,✓,,,,,,,,连续3年亏损（2023-2025）
300072,海新能科,化学制品,1,,✓,,,,,,,,连续4年亏损（2022-2025）
300074,华平股份,软件服务,1,,✓,,,,,,,,扣非连续5年亏损（主业不赚钱）
300075,数字政通,软件服务,1,,,,,✓,,,,,长期下跌：近1年跑输大盘30%、近2年跑输56%，且现价位于年线下方
300077,国民技术,半导体,1,,✓,,,,,,,,连续4年亏损（2022-2025）
300080,易成新能,光伏设备,1,,✓,,,,,,,,扣非连续3年亏损（主业不赚钱）
300082,奥克股份,化学原料,1,,✓,,,,,,,,扣非连续4年亏损（主业不赚钱）
300085,银之杰,软件服务,1,,✓,,,,,,,,连续5年亏损（2021-2025）
300086,康芝药业,化学制药,1,,✓,,,,,,,,连续4年亏损（2022-2025）
300093,金刚光伏,光伏设备,1,,✓,,,,,,,,扣非连续7年亏损（主业不赚钱）
300094,国联水产,渔业,1,,✓,,,,,,,,连续7年亏损（2019-2025）；资产负债率95%（高杠杆）
300096,ST易联众,软件服务,1,,✓,,,,,,,,扣非连续7年亏损（主业不赚钱）
300097,智云股份,专用设备,1,,✓,,,,,,,,扣非连续5年亏损（主业不赚钱）
300098,高新兴,软件服务,1,,✓,,,,,,,,连续4年亏损（2022-2025）
300103,达刚控股,专用设备,1,,✓,,,,,,,,连续4年亏损（2022-2025）
300106,西部牧业,饮料乳品,1,,✓,,,,,,,,连续3年亏损（2023-2025）
300110,华仁药业,化学制药,1,,,,,✓,,,,,多年阴跌：近3年跑输大盘42%、近2年跑输59%、近1年仍跑输，现价在年线下方
300118,东方日升,光伏设备,1,,,,,✓,,,,,多年阴跌：近3年跑输大盘59%、近2年跑输48%、近1年仍跑输，现价在年线下方
300122,智飞生物,生物制品,1,,,,,✓,,,,,长期下跌：近1年跑输大盘29%、近2年跑输81%，且现价位于年线下方
300123,ST亚光,军工电子,1,,✓,,,,,,,,连续5年亏损（2021-2025）；资产负债率91%（高杠杆）
300125,*ST聆达,光伏设备,1,,✓,,,,,,,,扣非连续6年亏损（主业不赚钱）
300126,锐奇股份,通用设备,1,,✓,,,,,,,,扣非连续4年亏损（主业不赚钱）
300128,锦富技术,光学光电,1,,✓,,,,,,,,连续5年亏损（2021-2025）；资产负债率91%（高杠杆）
300134,大富科技,通信设备,1,,✓,,,,,,,,连续3年亏损（2023-2025）
300135,宝利国际,石油化工,1,,✓,,,,,,,,扣非连续6年亏损（主业不赚钱）
300144,宋城演艺,旅游,1,,,,,✓,,,,,多年阴跌：近3年跑输大盘54%、近2年跑输55%、近1年仍跑输，现价在年线下方
300146,汤臣倍健,食品加工,1,,,,,✓,,,,,多年阴跌：近3年跑输大盘47%、近2年跑输46%、近1年仍跑输，现价在年线下方
300149,睿智医药,医疗服务,1,,✓,,,,,,,,扣非连续5年亏损（主业不赚钱）
300155,安居宝,IT设备,1,,✓,,,,,,,,连续4年亏损（2022-2025）
300157,新锦动力,通用设备,1,,✓,,,,,,,,扣非连续7年亏损（主业不赚钱）；资产负债率87%（高杠杆）
300158,振东制药,化学制药,1,,✓,,,,,,,,连续4年亏损（2022-2025）
300159,新研股份,专用设备,1,,✓,,,,,,,,扣非连续3年亏损（主业不赚钱）
300161,华中数控,通用设备,1,,✓,,,,,,,,扣非连续10年亏损（主业不赚钱）
300162,雷曼光电,光学光电,1,,✓,,,,,,,,连续3年亏损（2023-2025）
300163,先锋新材,家居用品,1,,✓,,,,,,,,扣非连续5年亏损（主业不赚钱）
300165,天瑞仪器,通用设备,1,,✓,,,,,,,,连续5年亏损（2021-2025）
300166,东方国信,软件服务,1,,✓,,,,,,,,扣非连续4年亏损（主业不赚钱）
300167,ST迪威迅,软件服务,1,,✓,,,,,,,,连续6年亏损（2020-2025）；资产负债率86%（高杠杆）
300169,天晟新材,塑料,1,,✓,,,,,,,,扣非连续7年亏损（主业不赚钱）；资产负债率87%（高杠杆）
300173,ST福能,电池,1,,,,,✓,,,,,长期下跌：近1年跑输大盘32%、近2年跑输44%，且现价位于年线下方
300175,朗源股份,农产品加工,1,,✓,,,,,,,,连续6年亏损（2020-2025）
300180,华峰超纤,塑料,1,,,,,✓,,,,,长期下跌：近1年跑输大盘36%、近2年跑输37%，且现价位于年线下方
300183,东软载波,通信设备,1,,,,,✓,,,,,长期下跌：近1年跑输大盘30%、近2年跑输54%，且现价位于年线下方
300190,维尔利,环境治理,1,,✓,,,,,,,,连续4年亏损（2022-2025）
300197,节能铁汉,环境治理,1,,✓,,,,,,,,连续5年亏损（2021-2025）；净资产-9.7亿（资不抵债）；资产负债率103%（高杠杆）
300204,舒泰神,生物制品,1,,✓,,,,,,,,连续6年亏损（2020-2025）
300209,行云科技,电子商务,1,,✓,,,,,,,,扣非连续7年亏损（主业不赚钱）
300210,森远股份,专用设备,1,,✓,,,,,,,,连续5年亏损（2021-2025）
300211,*ST亿通,通信设备,1,,✓,,,,,,,,连续3年亏损（2023-2025）
300218,安利股份,塑料,1,,,,,✓,,,,,长期下跌：近1年跑输大盘34%、近2年跑输45%，且现价位于年线下方
300226,上海钢联,产业互联网,1,,✓,,,,,,,,资产负债率87%（高杠杆）
300237,ST美晨,汽车零部件,1,,✓,,,,,,,,连续5年亏损（2021-2025）；资产负债率97%（高杠杆）
300240,飞力达,物流,1,,✓,,,,,,,,扣非连续3年亏损（主业不赚钱）
300242,佳云科技,广告营销,1,,✓,,,,,,,,连续3年亏损（2023-2025）
300246,宝莱特,医疗器械,1,,✓,,,,,,,,连续3年亏损（2023-2025）
300254,仟源医药,化学制药,1,,✓,,,,,,,,商誉3.1亿占净资产69%（减值风险）
300255,常山药业,生物制品,1,,✓,,,,,,,,连续3年亏损（2023-2025）
300256,星星科技,摩托车及其他,1,,✓,,,,,,,,连续3年亏损（2023-2025）
300264,佳创视讯,软件服务,1,,✓,,,,,,,,连续7年亏损（2019-2025）；商誉0.0亿占净资产253%（减值风险）；资产负债率100%（高杠杆）
300266,兴源环境,环境治理,1,,✓,,,,,,,,连续6年亏损（2020-2025）；净资产-0.4亿（资不抵债）；资产负债率93%（高杠杆）
300267,尔康制药,化学制药,1,,✓,,,,,,,,连续3年亏损（2023-2025）
300268,佳沃食品,农产品加工,1,,✓,,,,,,,,连续7年亏损（2019-2025）
300270,中威电子,IT设备,1,,✓,,,,,,,,连续3年亏损（2023-2025）
300271,华宇软件,软件服务,1,,✓,,,,,,,,连续4年亏损（2022-2025）
300275,梅安森,专用设备,1,,,,,✓,,,,,长期下跌：近1年跑输大盘26%、近2年跑输54%，且现价位于年线下方
300281,金明精机,专用设备,1,,✓,,,,,,,,扣非连续4年亏损（主业不赚钱）
300284,苏交科,工程咨询服务,1,,,,,✓,,,,,长期下跌：近1年跑输大盘28%、近2年跑输56%，且现价位于年线下方
300287,飞利信,软件服务,1,,✓,,,,,,,,连续6年亏损（2020-2025）
300288,朗玛信息,软件服务,1,,,,,✓,,,,,多年阴跌：近3年跑输大盘49%、近2年跑输50%、近1年仍跑输，现价在年线下方
300290,ST荣科,软件服务,1,,,,,✓,,,,,长期下跌：近1年跑输大盘59%、近2年跑输60%，且现价位于年线下方
300291,百纳千成,影视院线,1,,✓,,,,,,,,连续3年亏损（2023-2025）
300294,博雅生物,生物制品,1,,,,,✓,,,,,长期下跌：近1年跑输大盘31%、近2年跑输91%，且现价位于年线下方
300295,*ST三六,数字媒体,1,,✓,,,,,,,,连续3年亏损（2023-2025）
300299,富春股份,游戏,1,,✓,,,,,,,,扣非连续3年亏损（主业不赚钱）；商誉2.0亿占净资产51%（减值风险）
300301,ST长方,光学光电,1,,✓,,,,,,,,连续8年亏损（2018-2025）；资产负债率94%（高杠杆）
300302,同有科技,IT设备,1,,✓,,,,,,,,连续5年亏损（2021-2025）
300313,天山生物,养殖业,1,,✓,,,,,,,,连续5年亏损（2021-2025）
300317,珈伟新能,电力,1,,✓,,,,,,,,扣非连续3年亏损（主业不赚钱）
300318,博晖创新,生物制品,1,,✓,,,,,,,,商誉7.9亿占净资产62%（减值风险）
300323,华灿光电,光学光电,1,,✓,,,,,,,,连续4年亏损（2022-2025）
300324,旋极信息,软件服务,1,,✓,,,,,,,,连续6年亏损（2020-2025）
300328,宜安科技,稀有金属,1,,✓,,,,,,,,扣非连续6年亏损（主业不赚钱）
300329,海伦钢琴,文娱用品,1,,✓,,,,,,,,连续3年亏损（2023-2025）
300331,苏大维格,光学光电,1,,✓,,,,,,,,连续5年亏损（2021-2025）
300333,兆日科技,IT设备,1,,✓,,,,,,,,连续4年亏损（2022-2025）
300334,津膜科技,环保设备,1,,✓,,,,,,,,扣非连续4年亏损（主业不赚钱）
300338,*ST开元,教育培训,1,,✓,,,,,,,,连续3年亏损（2023-2025）；净资产-1.5亿（资不抵债）；资产负债率141%（高杠杆）
300340,科恒股份,电池,1,,✓,,,,,,,,连续4年亏损（2022-2025）；资产负债率102%（高杠杆）
300345,华民股份,光伏设备,1,,✓,,,,,,,,连续4年亏损（2022-2025）；资产负债率93%（高杠杆）
300350,华鹏飞,物流,1,,✓,,,,,,,,扣非连续9年亏损（主业不赚钱）
300352,ST信源,软件服务,1,,,,,✓,,,,,长期下跌：近1年跑输大盘48%、近2年跑输69%，且现价位于年线下方
300354,东华测试,通用设备,1,,,,,✓,,,,,长期下跌：近1年跑输大盘27%、近2年跑输47%，且现价位于年线下方
300357,我武生物,生物制品,1,,,,,✓,,,,,多年阴跌：近3年跑输大盘49%、近2年跑输34%、近1年仍跑输，现价在年线下方
300364,中文在线,出版业,1,,✓,,,,,,,,扣非连续4年亏损（主业不赚钱）
300368,汇金股份,IT设备,1,,✓,,,,,,,,连续4年亏损（2022-2025）
300369,绿盟科技,软件服务,1,,✓,,,,,,,,连续3年亏损（2023-2025）
300370,安控科技,通用设备,1,,✓,,,,,,,,连续8年亏损（2018-2025）
300385,ST雪浪,环境治理,1,,✓,,,,,,,,连续4年亏损（2022-2025）；净资产-0.6亿（资不抵债）；资产负债率100%（高杠杆）
300386,飞天诚信,IT设备,1,,✓,,,,,,,,扣非连续5年亏损（主业不赚钱）
300397,天和防务,军工电子,1,,✓,,,,,,,,连续5年亏损（2021-2025）
300399,天利科技,软件服务,1,,✓,,,,,,,,扣非连续6年亏损（主业不赚钱）
300405,科隆股份,化学制品,1,,✓,,,,,,,,连续4年亏损（2022-2025）
300413,芒果超媒,数字媒体,1,,,,,✓,,,,,多年阴跌：近3年跑输大盘52%、近2年跑输50%、近1年仍跑输，现价在年线下方
300417,南华仪器,通用设备,1,,✓,,,,,,,,扣非连续4年亏损（主业不赚钱）
300419,ST浩丰,软件服务,1,,✓,,,,,,,,连续3年亏损（2023-2025）
300422,博世科,环境治理,1,,✓,,,,,,,,连续5年亏损（2021-2025）；资产负债率92%（高杠杆）
300423,昇辉科技,电网设备,1,,✓,,,,,,,,连续4年亏损（2022-2025）
300427,红相股份,电网设备,1,,✓,,,,,,,,连续3年亏损（2023-2025）
300429,强力新材,电子化学品,1,,✓,,,,,,,,连续4年亏损（2022-2025）
300430,*ST益通,自动化设备,1,,,,,✓,,,,,长期下跌：近1年跑输大盘68%、近2年跑输97%，且现价位于年线下方
300436,广生堂,化学制药,1,,✓,,,,,,,,连续5年亏损（2021-2025）
300437,清水源,环境治理,1,,✓,,,,,,,,连续4年亏损（2022-2025）
300448,浩云科技,软件服务,1,,✓,,,,,,,,连续3年亏损（2023-2025）
300449,汉邦高科,IT设备,1,,✓,,,,,,,,连续5年亏损（2021-2025）
300451,创业慧康,软件服务,1,,,,,✓,,,,,多年阴跌：近3年跑输大盘56%、近2年跑输35%、近1年仍跑输，现价在年线下方
300460,ST惠伦,元器件,1,,✓,,,,,,,,连续4年亏损（2022-2025）
300463,迈克生物,生物制品,1,,,,,✓,,,,,多年阴跌：近3年跑输大盘41%、近2年跑输59%、近1年仍跑输，现价在年线下方
300464,星徽股份,电子商务,1,,✓,,,,,,,,资产负债率87%（高杠杆）
300466,赛摩智能,通用设备,1,,✓,,,,,,,,连续3年亏损（2023-2025）
300469,信息发展,软件服务,1,,✓,,,,,,,,连续7年亏损（2019-2025）
300472,*ST新元,专用设备,1,,✓,,,,,,,,连续6年亏损（2020-2025）；资产负债率102%（高杠杆）
300474,景嘉微,军工电子,1,,,,,✓,,,,,长期下跌：近1年跑输大盘32%、近2年跑输56%，且现价位于年线下方
300477,ST合纵,电网设备,1,,✓,,,,,,,,连续3年亏损（2023-2025）；商誉0.5亿占净资产1953%（减值风险）；资产负债率125%（高杠杆）
300478,杭州高新,塑料,1,,✓,,,,,,,,扣非连续8年亏损（主业不赚钱）
300482,万孚生物,医疗器械,1,,,,,✓,,,,,多年阴跌：近3年跑输大盘40%、近2年跑输63%、近1年仍跑输，现价在年线下方
300489,光智科技,自动化设备,1,,✓,,,,,,,,扣非连续5年亏损（主业不赚钱）
300490,华自科技,电池,1,,✓,,,,,,,,连续4年亏损（2022-2025）
300494,盛天网络,游戏,1,,,,,✓,,,,,长期下跌：近1年跑输大盘31%、近2年跑输60%，且现价位于年线下方
300497,富祥股份,化学制药,1,,✓,,,,,,,,连续4年亏损（2022-2025）
300506,名家汇,装修装饰,1,,✓,,,,,,,,连续6年亏损（2020-2025）
300513,恒实科技,软件服务,1,,,,,✓,,,,,多年阴跌：近3年跑输大盘49%、近2年跑输36%、近1年仍跑输，现价在年线下方
300518,新迅达,电子商务,1,,✓,,,,,,,,连续3年亏损（2023-2025）
300520,科大国创,软件服务,1,,✓,,,,,,,,连续4年亏损（2022-2025）
300521,爱司凯,专用设备,1,,✓,,,,,,,,连续4年亏损（2022-2025）
300525,博思软件,软件服务,1,,,,,✓,,,,,长期下跌：近1年跑输大盘36%、近2年跑输67%，且现价位于年线下方
300528,幸福蓝海,影视院线,1,,✓,,,,,,,,连续6年亏损（2020-2025）
300530,领湃科技,电池,1,,✓,,,,,,,,连续6年亏损（2020-2025）
300536,农尚环境,基础建设,1,,✓,,,,,,,,连续3年亏损（2023-2025）
300542,新晨科技,软件服务,1,,,,,✓,,,,,长期下跌：近1年跑输大盘34%、近2年跑输38%，且现价位于年线下方
300549,优德精密,专用设备,1,,,,,✓,,,,,多年阴跌：近3年跑输大盘40%、近2年跑输35%、近1年仍跑输，现价在年线下方
300551,古鳌科技,软件服务,1,,✓,,,,,,,,连续4年亏损（2022-2025）
300552,万集科技,IT设备,1,,✓,,,,,,,,连续4年亏损（2022-2025）
300560,中富通,通信工程,1,,✓,,,,,,,,连续3年亏损（2023-2025）
300561,汇金科技,软件服务,1,,✓,,,,,,,,扣非连续3年亏损（主业不赚钱）
300563,神宇股份,通信设备,1,,,,,✓,,,,,长期下跌：近1年跑输大盘34%、近2年跑输75%，且现价位于年线下方
300564,筑博设计,工程咨询服务,1,,,,✓,,,,,,保壳特征：扣非连亏2年，靠非经常性损益维持账面盈利
300571,平治信息,数字媒体,1,,✓,,,,,,,,连续3年亏损（2023-2025）
300572,安车检测,专业服务,1,,✓,,,,,,,,连续4年亏损（2022-2025）
300581,晨曦航空,航空装备,1,,✓,,,,,,,,扣非连续3年亏损（主业不赚钱）
300587,天铁科技,橡胶,1,,✓,,,,,,,,扣非连续3年亏损（主业不赚钱）
300588,熙菱信息,IT设备,1,,✓,,,,,,,,连续6年亏损（2020-2025）
300591,万里马,服装家纺,1,,✓,,,,,,,,连续6年亏损（2020-2025）
300595,欧普康视,医疗器械,1,,,,,✓,,,,,长期下跌：近1年跑输大盘28%、近2年跑输63%，且现价位于年线下方
300598,诚迈科技,软件服务,1,,✓,,,,,,,,扣非连续5年亏损（主业不赚钱）
300600,国瑞科技,航海装备,1,,✓,,,,,,,,连续5年亏损（2021-2025）
300601,康泰生物,生物制品,1,,,,,✓,,,,,长期下跌：近1年跑输大盘27%、近2年跑输55%，且现价位于年线下方
300603,立昂技术,云服务,1,,✓,,,,,,,,扣非连续6年亏损（主业不赚钱）
300609,汇纳科技,软件服务,1,,✓,,,,,,,,连续4年亏损（2022-2025）
300614,百川畅银,环境治理,1,,✓,,,,,,,,连续3年亏损（2023-2025）
300621,维业股份,装修装饰,1,,✓,,,,,,,,资产负债率97%（高杠杆）
300622,博士眼镜,专业连锁,1,,,,,✓,,,,,长期下跌：近1年跑输大盘28%、近2年跑输48%，且现价位于年线下方
300625,三雄极光,光学光电,1,,,,,,,✓,,,流动性枯竭：近60日日均成交额0.18亿（低于0.2亿）
300633,开立医疗,医疗器械,1,,,,,✓,,,,,长期下跌：近1年跑输大盘27%、近2年跑输77%，且现价位于年线下方
300635,中达安,工程咨询服务,1,,✓,,,,,,,,扣非连续4年亏损（主业不赚钱）
300636,同和药业,化学制药,1,,,,,✓,,,,,多年阴跌：近3年跑输大盘44%、近2年跑输55%、近1年仍跑输，现价在年线下方
300641,正丹股份,化学原料,1,,,,,✓,,,,,长期下跌：近1年跑输大盘28%、近2年跑输64%，且现价位于年线下方
300647,超频三,电池,1,,✓,,,,,,,,连续3年亏损（2023-2025）
300648,星云股份,电池,1,,✓,,,,,,,,连续3年亏损（2023-2025）
300653,正海生物,医疗器械,1,,,,,✓,,,,,多年阴跌：近3年跑输大盘53%、近2年跑输58%、近1年仍跑输，现价在年线下方
300656,民德电子,其他电子,1,,✓,,,,,,,,扣非连续3年亏损（主业不赚钱）
300670,大烨智能,电网设备,1,,✓,,,,,,,,扣非连续4年亏损（主业不赚钱）
300671,富满微,半导体,1,,✓,,,,,,,,连续4年亏损（2022-2025）
300676,华大基因,医疗服务,1,,,,,✓,,,,,多年阴跌：近3年跑输大盘45%、近2年跑输40%、近1年仍跑输，现价在年线下方
300678,中科信息,软件服务,1,,,,,✓,,,,,长期下跌：近1年跑输大盘32%、近2年跑输42%，且现价位于年线下方
300686,智动力,消费电子,1,,✓,,,,,,,,连续4年亏损（2022-2025）
300698,万马科技,通信设备,1,,,,,✓,,,,,长期下跌：近1年跑输大盘33%、近2年跑输62%，且现价位于年线下方
300705,九典制药,化学制药,1,,,,,✓,,,,,长期下跌：近1年跑输大盘29%、近2年跑输88%，且现价位于年线下方
300710,万隆光电,通信设备,1,,✓,,,,,,,,连续4年亏损（2022-2025）
300712,永福股份,专业工程,1,,,,,✓,,,,,多年阴跌：近3年跑输大盘50%、近2年跑输37%、近1年仍跑输，现价在年线下方
300713,英可瑞,其他发电设备,1,,✓,,,,,,,,连续4年亏损（2022-2025）
300715,凯伦股份,装饰建材,1,,✓,,,,,,,,扣非连续4年亏损（主业不赚钱）
300730,科创信息,软件服务,1,,✓,,,,,,,,连续3年亏损（2023-2025）
300732,设研院,工程咨询服务,1,,,,,✓,,,,,多年阴跌：近3年跑输大盘44%、近2年跑输53%、近1年仍跑输，现价在年线下方
300735,光弘科技,消费电子,1,,,,,✓,,,,,长期下跌：近1年跑输大盘29%、近2年跑输40%，且现价位于年线下方
300736,百邦科技,专业服务,1,,✓,,,,,,,,连续4年亏损（2022-2025）
300737,科顺股份,装饰建材,1,,✓,,,,,,,,扣非连续3年亏损（主业不赚钱）
300745,欣锐科技,汽车零部件,1,,✓,,,,,,,,连续4年亏损（2022-2025）
300746,汉嘉数智,工程咨询服务,1,,✓,,,,,,,,商誉4.4亿占净资产53%（减值风险）
300755,华致酒行,专业连锁,1,,,,,✓,,,,,多年阴跌：近3年跑输大盘54%、近2年跑输44%、近1年仍跑输，现价在年线下方
300757,罗博特科,自动化设备,1,,✓,,,,,,,,商誉9.9亿占净资产60%（减值风险）
300762,上海瀚讯,军工电子,1,,✓,,,,,,,,连续3年亏损（2023-2025）
300763,锦浪科技,光伏设备,1,,,,,✓,,,,,多年阴跌：近3年跑输大盘40%、近2年跑输41%、近1年仍跑输，现价在年线下方
300766,每日互动,软件服务,1,,✓,,,,,,,,连续3年亏损（2023-2025）
300767,震安科技,橡胶,1,,✓,,,,,,,,连续3年亏损（2023-2025）
300769,德方纳米,电池,1,,✓,,,,,,,,连续3年亏损（2023-2025）
300772,运达股份,风电设备,1,,,,,✓,,,,,长期下跌：近1年跑输大盘35%、近2年跑输46%，且现价位于年线下方
300777,中简科技,化纤,1,,,,,✓,,,,,多年阴跌：近3年跑输大盘53%、近2年跑输32%、近1年仍跑输，现价在年线下方
300778,新城市,工程咨询服务,1,,✓,,,,,,,,连续3年亏损（2023-2025）
300780,德恩精工,通用设备,1,,✓,,,,,,,,连续3年亏损（2023-2025）
300781,因赛集团,广告营销,1,,,,,✓,,,,,长期下跌：近1年跑输大盘26%、近2年跑输44%，且现价位于年线下方
300782,卓胜微,半导体,1,,,,,✓,,,,,多年阴跌：近3年跑输大盘48%、近2年跑输34%、近1年仍跑输，现价在年线下方
300786,国林科技,环保设备,1,,✓,,,,,,,,连续3年亏损（2023-2025）
300793,佳禾智能,消费电子,1,,,,,✓,,,,,长期下跌：近1年跑输大盘28%、近2年跑输52%，且现价位于年线下方
300796,贝斯美,农用化工,1,,,,,✓,,,,,多年阴跌：近3年跑输大盘43%、近2年跑输68%、近1年仍跑输，现价在年线下方
300807,天迈科技,软件服务,1,,✓,,,,,,,,连续5年亏损（2021-2025）
300808,久量股份,光学光电,1,,✓,,,,,,,,扣非连续4年亏损（主业不赚钱）
300810,中科海讯,航海装备,1,,✓,,,,,,,,连续3年亏损（2023-2025）
300831,ST派瑞,半导体,1,✓,,,,,,,,,新闻复核入永久黑名单
300839,博汇股份,石油化工,1,,✓,,,,,,,,连续3年亏损（2023-2025）
300846,首都在线,云服务,1,,✓,,,,,,,,连续4年亏损（2022-2025）
300849,锦盛新材,包装印刷,1,,✓,,,,,,,,连续4年亏损（2022-2025）
300853,申昊科技,电网设备,1,,✓,,,,,,,,连续4年亏损（2022-2025）
300856,科思股份,日用化工,1,,,,,✓,,,,,多年阴跌：近3年跑输大盘62%、近2年跑输81%、近1年仍跑输，现价在年线下方
300857,协创数据,消费电子,1,,✓,,,,,,,,资产负债率87%（高杠杆）
300865,大宏立,专用设备,1,,✓,,,,,,,,扣非连续3年亏损（主业不赚钱）
300868,杰美特,消费电子,1,,✓,,,,,,,,扣非连续5年亏损（主业不赚钱）
300869,康泰医学,医疗器械,1,,,,,✓,,,,,多年阴跌：近3年跑输大盘56%、近2年跑输54%、近1年仍跑输，现价在年线下方
300875,捷强装备,地面兵装,1,,✓,,,,,,,,连续4年亏损（2022-2025）
300878,维康药业,中药,1,,✓,,,,,,,,连续3年亏损（2023-2025）
300883,龙利得,包装印刷,1,,✓,,,,,,,,连续3年亏损（2023-2025）
300887,谱尼测试,专业服务,1,,,,,✓,,,,,多年阴跌：近3年跑输大盘73%、近2年跑输47%、近1年仍跑输，现价在年线下方
300889,爱克股份,光学光电,1,,✓,,,,,,,,扣非连续3年亏损（主业不赚钱）
300890,翔丰华,电池,1,,,,,✓,,,,,多年阴跌：近3年跑输大盘42%、近2年跑输32%、近1年仍跑输，现价在年线下方
300894,火星人,厨卫电器,1,,,,,✓,,,,,多年阴跌：近3年跑输大盘59%、近2年跑输54%、近1年仍跑输，现价在年线下方
300895,铜牛信息,云服务,1,,✓,,,,,,,,连续4年亏损（2022-2025）
300896,爱美客,医疗美容,1,,,,,✓,,,,,长期下跌：近1年跑输大盘40%、近2年跑输80%，且现价位于年线下方
300902,国安达,专用设备,1,,,,,✓,,,,,多年阴跌：近3年跑输大盘40%、近2年跑输45%、近1年仍跑输，现价在年线下方
300903,科翔股份,元器件,1,,✓,,,,,,,,连续3年亏损（2023-2025）
300904,威力传动,风电设备,1,,,,,✓,,,,,多年阴跌：近3年跑输大盘75%、近2年跑输35%、近1年仍跑输，现价在年线下方
300912,凯龙高科,汽车零部件,1,,✓,,,,,,,,扣非连续5年亏损（主业不赚钱）
300917,特发服务,房产服务,1,,,,,✓,,,,,长期下跌：近1年跑输大盘30%、近2年跑输49%，且现价位于年线下方
300926,博俊科技,汽车零部件,1,,,,,✓,,,,,长期下跌：近1年跑输大盘29%、近2年跑输48%，且现价位于年线下方
300929,华骐环保,环境治理,1,,✓,,,,,,,,扣非连续3年亏损（主业不赚钱）
300935,盈建科,软件服务,1,,✓,,,,,,,,连续4年亏损（2022-2025）
300941,创识科技,IT设备,1,,,,,✓,,,,,长期下跌：近1年跑输大盘33%、近2年跑输41%，且现价位于年线下方
300949,奥雅股份,基础建设,1,,✓,,,,,,,,连续4年亏损（2022-2025）
300956,英力股份,消费电子,1,,,,,✓,,,,,长期下跌：近1年跑输大盘26%、近2年跑输54%，且现价位于年线下方
300957,贝泰妮,日用化工,1,,,,,✓,,,,,多年阴跌：近3年跑输大盘72%、近2年跑输60%、近1年仍跑输，现价在年线下方
300961,深水海纳,环境治理,1,,✓,,,,,,,,连续4年亏损（2022-2025）
300981,中红医疗,医疗器械,1,,✓,,,,,,,,连续3年亏损（2023-2025）
300982,苏文电能,基础建设,1,,,,,✓,,,,,多年阴跌：近3年跑输大盘72%、近2年跑输43%、近1年仍跑输，现价在年线下方
300983,尤安设计,工程咨询服务,1,,✓,,,,,,,,扣非连续3年亏损（主业不赚钱）
300998,宁波方正,专用设备,1,,✓,,,,,,,,扣非连续3年亏损（主业不赚钱）
300999,金龙鱼,农产品加工,1,,,,,✓,,,,,多年阴跌：近3年跑输大盘42%、近2年跑输34%、近1年仍跑输，现价在年线下方
301004,嘉益股份,家居用品,1,,,,,✓,,,,,长期下跌：近1年跑输大盘33%、近2年跑输74%，且现价位于年线下方
301011,华立科技,文娱用品,1,,,,,✓,,,,,长期下跌：近1年跑输大盘38%、近2年跑输36%，且现价位于年线下方
301017,漱玉平民,医药商业,1,,✓,,,,,,,,商誉23.0亿占净资产110%（减值风险）
301024,霍普股份,工程咨询服务,1,,✓,,,,,,,,连续4年亏损（2022-2025）
301036,双乐股份,化学制品,1,,,,,✓,,,,,长期下跌：近1年跑输大盘26%、近2年跑输54%，且现价位于年线下方
301037,保立佳,化学制品,1,,✓,,,,,,,,连续3年亏损（2023-2025）
301039,中集车辆,商用车,1,,,,,✓,,,,,多年阴跌：近3年跑输大盘43%、近2年跑输36%、近1年仍跑输，现价在年线下方
301040,中环海陆,风电设备,1,,✓,,,,,,,,连续3年亏损（2023-2025）
301049,超越科技,环境治理,1,,✓,,,,,,,,连续4年亏损（2022-2025）
301050,雷电微力,军工电子,1,,,,,✓,,,,,长期下跌：近1年跑输大盘36%、近2年跑输46%，且现价位于年线下方
301060,兰卫医学,医疗服务,1,,✓,,,,,,,,连续3年亏损（2023-2025）
301088,戎美股份,服装家纺,1,,,,,,,✓,,,流动性枯竭：近60日日均成交额0.20亿（低于0.2亿）
301089,拓新药业,化学制药,1,,,,,✓,,,,,多年阴跌：近3年跑输大盘71%、近2年跑输71%、近1年仍跑输，现价在年线下方
301091,深城交,工程咨询服务,1,,,,,✓,,,,,长期下跌：近1年跑输大盘32%、近2年跑输47%，且现价位于年线下方
301103,何氏眼科,医疗服务,1,,,,,✓,,,,,多年阴跌：近3年跑输大盘60%、近2年跑输59%、近1年仍跑输，现价在年线下方
301105,鸿铭股份,专用设备,1,,✓,,,,,,,,连续3年亏损（2023-2025）
301115,联检科技,专业服务,1,,,,✓,,,,,,保壳特征：扣非连亏2年，靠非经常性损益维持账面盈利
301116,益客食品,食品加工,1,,,,,✓,,,,,多年阴跌：近3年跑输大盘47%、近2年跑输35%、近1年仍跑输，现价在年线下方
301118,恒光股份,化学原料,1,,✓,,,,,,,,连续3年亏损（2023-2025）
301123,奕东电子,消费电子,1,,✓,,,,,,,,连续3年亏损（2023-2025）
301126,达嘉维康,医药商业,1,,✓,,,,,,,,商誉11.2亿占净资产75%（减值风险）
301153,中科江南,软件服务,1,,,,,✓,,,,,多年阴跌：近3年跑输大盘59%、近2年跑输41%、近1年仍跑输，现价在年线下方
301155,海力风电,风电设备,1,,,,,✓,,,,,长期下跌：近1年跑输大盘37%、近2年跑输37%，且现价位于年线下方
301169,零点有数,专业服务,1,,✓,,,,,,,,连续4年亏损（2022-2025）
301176,逸豪新材,元器件,1,,✓,,,,,,,,连续3年亏损（2023-2025）
301182,凯旺科技,消费电子,1,,✓,,,,,,,,连续3年亏损（2023-2025）
301189,奥尼电子,消费电子,1,,✓,,,,,,,,连续3年亏损（2023-2025）
301195,北路智控,软件服务,1,,,,,✓,,,,,多年阴跌：近3年跑输大盘43%、近2年跑输39%、近1年仍跑输，现价在年线下方
301199,迈赫股份,自动化设备,1,,,,,✓,,,,,长期下跌：近1年跑输大盘26%、近2年跑输37%，且现价位于年线下方
301228,实朴检测,专业服务,1,,✓,,,,,,,,连续4年亏损（2022-2025）
301229,纽泰格,汽车零部件,1,,,,,✓,,,,,长期下跌：近1年跑输大盘35%、近2年跑输52%，且现价位于年线下方
301239,普瑞眼科,医疗服务,1,,,,,✓,,,,,多年阴跌：近3年跑输大盘74%、近2年跑输46%、近1年仍跑输，现价在年线下方
301248,杰创智能,软件服务,1,,✓,,,,,,,,扣非连续3年亏损（主业不赚钱）
301255,通力科技,通用设备,1,,,,,✓,,,,,长期下跌：近1年跑输大盘30%、近2年跑输47%，且现价位于年线下方
301258,富士莱,化学制药,1,,,,✓,,,,,,保壳特征：扣非连亏2年，靠非经常性损益维持账面盈利
301260,格力博,专用设备,1,,,,,✓,,,,,长期下跌：近1年跑输大盘35%、近2年跑输41%，且现价位于年线下方
301262,海看股份,广播电视,1,,,,,✓,,,,,多年阴跌：近3年跑输大盘42%、近2年跑输41%、近1年仍跑输，现价在年线下方
301267,华厦眼科,医疗服务,1,,,,,✓,,,,,多年阴跌：近3年跑输大盘68%、近2年跑输56%、近1年仍跑输，现价在年线下方
301268,铭利达,通用设备,1,,,,,✓,,,,,长期下跌：近1年跑输大盘39%、近2年跑输54%，且现价位于年线下方
301269,华大九天,半导体,1,,,,✓,,,,,,保壳特征：扣非连亏2年，靠非经常性损益维持账面盈利
301278,快可电子,光伏设备,1,,,,,✓,,,,,多年阴跌：近3年跑输大盘56%、近2年跑输46%、近1年仍跑输，现价在年线下方
301289,国缆检测,专业服务,1,,,,,✓,,,,,多年阴跌：近3年跑输大盘42%、近2年跑输31%、近1年仍跑输，现价在年线下方
301296,新巨丰,包装印刷,1,,,,,✓,,,,,多年阴跌：近3年跑输大盘64%、近2年跑输49%、近1年仍跑输，现价在年线下方
301302,华如科技,军工电子,1,,✓,,,,,,,,连续3年亏损（2023-2025）
301306,西测测试,专业服务,1,,✓,,,,,,,,连续3年亏损（2023-2025）
301311,昆船智能,专用设备,1,,,,,✓,,,,,多年阴跌：近3年跑输大盘50%、近2年跑输50%、近1年仍跑输，现价在年线下方
301320,豪江智能,自动化设备,1,,,,,✓,,,,,多年阴跌：近3年跑输大盘41%、近2年跑输34%、近1年仍跑输，现价在年线下方
301321,翰博高新,光学光电,1,,✓,,,,,,,,扣非连续4年亏损（主业不赚钱）
301325,曼恩斯特,专用设备,1,,,,,✓,,,,,长期下跌：近1年跑输大盘43%、近2年跑输53%，且现价位于年线下方
301326,捷邦科技,消费电子,1,,✓,,,,,,,,连续3年亏损（2023-2025）
301331,恩威医药,中药,1,,,,,✓,,,,,长期下跌：近1年跑输大盘25%、近2年跑输41%，且现价位于年线下方
301332,德尔玛,小家电,1,,,,,✓,,,,,多年阴跌：近3年跑输大盘50%、近2年跑输44%、近1年仍跑输，现价在年线下方
301367,瑞迈特,医疗器械,1,,,,,✓,,,,,多年阴跌：近3年跑输大盘42%、近2年跑输35%、近1年仍跑输，现价在年线下方
301368,丰立智能,通用设备,1,,,,,✓,,,,,长期下跌：近1年跑输大盘37%、近2年跑输48%，且现价位于年线下方
301370,国科恒泰,医药商业,1,,,,,✓,,,,,多年阴跌：近3年跑输大盘68%、近2年跑输47%、近1年仍跑输，现价在年线下方
301371,敷尔佳,日用化工,1,,,,,✓,,,,,多年阴跌：近3年跑输大盘55%、近2年跑输32%、近1年仍跑输，现价在年线下方
301383,天键股份,消费电子,1,,,,,✓,,,,,长期下跌：近1年跑输大盘27%、近2年跑输53%，且现价位于年线下方
301391,卡莱特,IT设备,1,,,,✓,,,,,,保壳特征：扣非连亏2年，靠非经常性损益维持账面盈利
301396,宏景科技,软件服务,1,,✓,,,,,,,,资产负债率92%（高杠杆）
301408,华人健康,医药商业,1,,✓,,,,,,,,商誉13.0亿占净资产61%（减值风险）
301428,世纪恒通,电信服务,1,,,,,✓,,,,,多年阴跌：近3年跑输大盘51%、近2年跑输37%、近1年仍跑输，现价在年线下方
301487,盟固利,电池,1,,,,,✓,,,,,多年阴跌：近3年跑输大盘91%、近2年跑输31%、近1年仍跑输，现价在年线下方
301498,乖宝宠物,饲料,1,,,,,✓,,,,,长期下跌：近1年跑输大盘49%、近2年跑输52%，且现价位于年线下方
301509,金凯生科,医疗服务,1,,,,,✓,,,,,多年阴跌：近3年跑输大盘62%、近2年跑输34%、近1年仍跑输，现价在年线下方
301519,舜禹股份,环保设备,1,,,,,✓,,,,,多年阴跌：近3年跑输大盘69%、近2年跑输41%、近1年仍跑输，现价在年线下方
301583,托伦斯,通用设备,1,,,,,,,,✓,,次新股：上市仅45个交易日（无历史规律，上市初无涨跌停限制）
301655,,汽车零部件,1,,,,,,,,✓,,次新股：上市仅16个交易日（无历史规律，上市初无涨跌停限制）
301677,欣兴工具,通用设备,1,,,,,,,,✓,,次新股：上市仅31个交易日（无历史规律，上市初无涨跌停限制）
301686,,塑料,1,,,,,,,,✓,,次新股：上市仅1个交易日（无历史规律，上市初无涨跌停限制）
301688,,化学制品,1,,,,,,,,✓,,次新股：上市仅8个交易日（无历史规律，上市初无涨跌停限制）
301689,,通用设备,1,,,,,,,,✓,,次新股：上市仅1个交易日（无历史规律，上市初无涨跌停限制）
301697,,电子化学品,1,,,,,,,,✓,,次新股：上市仅9个交易日（无历史规律，上市初无涨跌停限制）
301699,,通用设备,1,,,,,,,,✓,,次新股：上市仅3个交易日（无历史规律，上市初无涨跌停限制）
301707,,半导体,1,,,,,,,,✓,,次新股：上市仅25个交易日（无历史规律，上市初无涨跌停限制）
301717,,半导体,1,,,,,,,,✓,,次新股：上市仅23个交易日（无历史规律，上市初无涨跌停限制）
600004,白云机场,航空机场,1,,,,,✓,,,,,多年阴跌：近3年跑输大盘44%、近2年跑输48%、近1年仍跑输，现价在年线下方
600006,东风股份,商用车,1,,✓,,,,,,,,扣非连续4年亏损（主业不赚钱）
600007,中国国贸,房地产开发,1,,,,,,✓,,,,长期横盘：近2年涨跌+0.9%、近1年-1.4%，区间振幅仅18%（没有交易价值）
600008,首创环保,水务,1,,,,,,✓,,,,长期横盘：近2年涨跌+8.2%、近1年-5.4%，区间振幅仅18%（没有交易价值）
600009,上海机场,航空机场,1,,,,,✓,,,,,多年阴跌：近3年跑输大盘51%、近2年跑输65%、近1年仍跑输，现价在年线下方
600015,华夏银行,全国性银行,1,,,,,,✓,,,,长期横盘：近2年涨跌+9.5%、近1年-5.0%，区间振幅仅14%（没有交易价值）
600018,上港集团,航运港口,1,,,,,,✓,,,,长期横盘：近2年涨跌-5.0%、近1年+2.0%，区间振幅仅17%（没有交易价值）
600022,山东钢铁,普钢,1,,,,,,,,,✓,股价1.35元低于2.0元预警线（逼近面值退市）
600025,华能水电,电力,1,,,,,,✓,,,,长期横盘：近2年涨跌-13.9%、近1年+8.4%，区间振幅仅16%（没有交易价值）
600029,南方航空,航空机场,1,,✓,,,,,,,,资产负债率86%（高杠杆）
600035,楚天高速,公路铁路,1,,,,,,✓,,,,长期横盘：近2年涨跌-7.0%、近1年-4.2%，区间振幅仅15%（没有交易价值）
600048,保利发展,房地产开发,1,,,,,✓,,,,,多年阴跌：近3年跑输大盘52%、近2年跑输62%、近1年仍跑输，现价在年线下方
600055,万东医疗,医疗器械,1,,,,,✓,,,,,长期下跌：近1年跑输大盘28%、近2年跑输53%，且现价位于年线下方
600058,五矿发展,贸易,1,,,,✓,,,,,,保壳特征：扣非连亏2年，靠非经常性损益维持账面盈利
600075,新疆天业,化学原料,1,,✓,,,,,,,,扣非连续3年亏损（主业不赚钱）
600078,澄星股份,农用化工,1,,✓,,,,,,,,扣非连续3年亏损（主业不赚钱）
600080,ST金花,中药,1,,,,,,,✓,,,流动性枯竭：近60日日均成交额0.15亿（低于0.2亿）
600082,ST海泰,房地产开发,1,,,,,,,✓,,,流动性枯竭：近60日日均成交额0.19亿（低于0.2亿）
600085,同仁堂,中药,1,,,,,✓,,,,,多年阴跌：近3年跑输大盘59%、近2年跑输68%、近1年仍跑输，现价在年线下方
600095,湘财股份,证券,1,✓,,,,,,,,,新闻复核入永久黑名单
600110,诺德股份,电池,1,,✓,,,,,,,,扣非连续3年亏损（主业不赚钱）
600115,中国东航,航空机场,1,,✓,,,,,,,,连续6年亏损（2020-2025）；资产负债率88%（高杠杆）
600117,西宁特钢,特钢,1,,✓,,,,,,,,扣非连续10年亏损（主业不赚钱）
600126,杭钢股份,普钢,1,,✓,,,,,,,,扣非连续3年亏损（主业不赚钱）
600127,金健米业,农产品加工,1,,,,✓,,,,,,保壳特征：扣非连亏2年，靠非经常性损益维持账面盈利
600129,太极集团,中药,1,,,,,✓,,,,,长期下跌：近1年跑输大盘28%、近2年跑输79%，且现价位于年线下方
600132,重庆啤酒,酿酒,1,,,,,✓,,,,,多年阴跌：近3年跑输大盘52%、近2年跑输59%、近1年仍跑输，现价在年线下方
600135,乐凯胶片,塑料,1,,✓,,,,,,,,连续3年亏损（2023-2025）
600138,中青旅,旅游,1,,,,,✓,,,,,多年阴跌：近3年跑输大盘47%、近2年跑输58%、近1年仍跑输，现价在年线下方
600151,航天机电,光伏设备,1,,✓,,,,,,,,连续4年亏损（2022-2025）
600152,维科技术,电池,1,,✓,,,,,,,,连续5年亏损（2021-2025）
600156,华升股份,纺织制造,1,,✓,,,,,,,,扣非连续10年亏损（主业不赚钱）
600157,永泰能源,电力,1,,,,,,,,,✓,股价1.57元低于2.0元预警线（逼近面值退市）
600159,大龙地产,房地产开发,1,,✓,,,,,,,,连续4年亏损（2022-2025）
600161,天坛生物,生物制品,1,,,,,✓,,,,,长期下跌：近1年跑输大盘25%、近2年跑输86%，且现价位于年线下方
600165,ST宁科,化学制品,1,,✓,,,,,,,,连续5年亏损（2021-2025）
600171,上海贝岭,半导体,1,,,,,✓,,,,,长期下跌：近1年跑输大盘29%、近2年跑输37%，且现价位于年线下方
600172,黄河旋风,通用设备,1,,✓,,,,,,,,连续3年亏损（2023-2025）；资产负债率95%（高杠杆）
600185,珠免集团,旅游,1,,✓,,,,,,,,连续4年亏损（2022-2025）；资产负债率90%（高杠杆）
600192,长城电工,电网设备,1,,✓,,,,,,,,连续6年亏损（2020-2025）
600197,伊力特,酿酒,1,,,,,✓,,,,,多年阴跌：近3年跑输大盘58%、近2年跑输69%、近1年仍跑输，现价在年线下方
600198,大唐电信,通信设备,1,,✓,,,,,,,,扣非连续10年亏损（主业不赚钱）
600203,福日电子,消费电子,1,,✓,,,,,,,,连续5年亏损（2021-2025）
600207,安彩高科,光伏设备,1,,✓,,,,,,,,连续3年亏损（2023-2025）
600223,福瑞达,日用化工,1,,,,,✓,,,,,多年阴跌：近3年跑输大盘47%、近2年跑输47%、近1年仍跑输，现价在年线下方
600227,赤天化,农用化工,1,,✓,,,,,,,,连续5年亏损（2021-2025）
600243,*ST海华,专用设备,1,,✓,,,,,,,,连续5年亏损（2021-2025）
600246,万通发展,房地产开发,1,,✓,,,,,,,,连续4年亏损（2022-2025）
600248,陕建股份,房屋建设,1,,✓,,,,,,,,资产负债率89%（高杠杆）
600257,大湖股份,渔业,1,,✓,,,,,,,,扣非连续7年亏损（主业不赚钱）
600258,首旅酒店,酒店餐饮,1,,,,,✓,,,,,多年阴跌：近3年跑输大盘43%、近2年跑输36%、近1年仍跑输，现价在年线下方
600271,航天信息,软件服务,1,,,,,✓,,,,,多年阴跌：近3年跑输大盘49%、近2年跑输49%、近1年仍跑输，现价在年线下方
600276,恒瑞医药,化学制药,1,,,,,✓,,,,,长期下跌：近1年跑输大盘25%、近2年跑输38%，且现价位于年线下方
600280,中央商场,一般零售,1,,✓,,,,,,,,连续4年亏损（2022-2025）；资产负债率97%（高杠杆）
600281,华阳新材,稀有金属,1,,✓,,,,,,,,连续5年亏损（2021-2025）；资产负债率93%（高杠杆）
600287,苏豪时尚,贸易,1,,,,,,,✓,,,流动性枯竭：近60日日均成交额0.17亿（低于0.2亿）
600302,ST标准,专用设备,1,,✓,,,,,,,,连续5年亏损（2021-2025）
600303,曙光股份,商用车,1,,✓,,,,,,,,连续5年亏损（2021-2025）
600305,恒顺醋业,调味品,1,,,,,✓,,,,,多年阴跌：近3年跑输大盘40%、近2年跑输40%、近1年仍跑输，现价在年线下方
600308,华泰股份,造纸,1,,✓,,,,,,,,扣非连续3年亏损（主业不赚钱）
600310,广西能源,电力,1,,✓,,,,,,,,扣非连续9年亏损（主业不赚钱）
600319,亚星化学,化学原料,1,,✓,,,,,,,,扣非连续3年亏损（主业不赚钱）；资产负债率89%（高杠杆）
600322,津投城开,房地产开发,1,,✓,,,,,,,,扣非连续6年亏损（主业不赚钱）
600325,华发股份,房地产开发,1,,,,,✓,,,,,多年阴跌：近3年跑输大盘65%、近2年跑输76%、近1年仍跑输，现价在年线下方
600326,西藏天路,水泥,1,,✓,,,,,,,,连续4年亏损（2022-2025）
600333,长春燃气,燃气,1,,✓,,,,,,,,连续4年亏损（2022-2025）
600337,ST美克,家居用品,1,,✓,,,,,,,,连续4年亏损（2022-2025）；资产负债率98%（高杠杆）
600343,航天动力,通用设备,1,,✓,,,,,,,,连续5年亏损（2021-2025）
600358,国旅联合,广告营销,1,,✓,,,,,,,,连续3年亏损（2023-2025）；资产负债率89%（高杠杆）
600361,创新新材,工业金属,1,,,,,✓,,,,,多年阴跌：近3年跑输大盘42%、近2年跑输37%、近1年仍跑输，现价在年线下方
600376,首开股份,房地产开发,1,,✓,,,,,,,,连续4年亏损（2022-2025）
600377,宁沪高速,公路铁路,1,,,,,,✓,,,,长期横盘：近2年涨跌-1.3%、近1年-1.9%，区间振幅仅16%（没有交易价值）
600381,*ST春天,食品加工,1,,✓,,,,,,,,连续6年亏损（2020-2025）
600397,江钨装备,专用设备,1,,✓,,,,,,,,连续4年亏损（2022-2025）
600398,海澜之家,服装家纺,1,,,,,,✓,,,,长期横盘：近2年涨跌+11.5%、近1年-3.9%，区间振幅仅15%（没有交易价值）
600399,抚顺特钢,特钢,1,,,,,✓,,,,,多年阴跌：近3年跑输大盘53%、近2年跑输46%、近1年仍跑输，现价在年线下方
600403,大有能源,煤炭开采,1,,✓,,,,,,,,连续3年亏损（2023-2025）
600405,动力源,其他发电设备,1,,✓,,,,,,,,连续6年亏损（2020-2025）；资产负债率100%（高杠杆）
600408,安泰集团,焦炭加工,1,,✓,,,,,,,,连续4年亏损（2022-2025）
600416,湘电股份,电机制造,1,,,,,✓,,,,,长期下跌：近1年跑输大盘36%、近2年跑输46%，且现价位于年线下方
600422,昆药集团,中药,1,,,,,✓,,,,,多年阴跌：近3年跑输大盘48%、近2年跑输76%、近1年仍跑输，现价在年线下方
600436,片仔癀,中药,1,,,,,✓,,,,,长期下跌：近1年跑输大盘28%、近2年跑输78%，且现价位于年线下方
600438,通威股份,光伏设备,1,,,,,✓,,,,,长期下跌：近1年跑输大盘29%、近2年跑输70%，且现价位于年线下方
600448,华纺股份,纺织制造,1,,✓,,,,,,,,扣非连续6年亏损（主业不赚钱）
600461,洪城环境,水务,1,,,,,,✓,,,,长期横盘：近2年涨跌-12.5%、近1年+3.6%，区间振幅仅15%（没有交易价值）
600463,空港股份,房地产开发,1,,✓,,,,,,,,连续5年亏损（2021-2025）
600481,双良节能,光伏设备,1,,,,,✓,,,,,多年阴跌：近3年跑输大盘62%、近2年跑输33%、近1年仍跑输，现价在年线下方
600500,中化国际,化学制品,1,,✓,,,,,,,,连续3年亏损（2023-2025）
600502,安徽建工,基础建设,1,,✓,,,,,,,,资产负债率85%（高杠杆）
600506,统一股份,石油化工,1,,✓,,,,,,,,商誉7.1亿占净资产140%（减值风险）
600511,国药股份,医药商业,1,,,,,,✓,,,,长期横盘：近2年涨跌-13.7%、近1年-6.3%，区间振幅仅16%（没有交易价值）
600515,海南机场,航空机场,1,,,,✓,,,,,,保壳特征：扣非连亏2年，靠非经常性损益维持账面盈利
600521,华海药业,化学制药,1,,,,,✓,,,,,长期下跌：近1年跑输大盘28%、近2年跑输48%，且现价位于年线下方
600525,ST长园,电网设备,1,✓,,,,,,,,,新闻复核入永久黑名单
600533,栖霞建设,房地产开发,1,,✓,,,,,,,,连续3年亏损（2023-2025）；资产负债率95%（高杠杆）
600538,国发股份,医药商业,1,,✓,,,,,,,,连续3年亏损（2023-2025）
600539,狮头股份,电子商务,1,,✓,,,,,,,,连续3年亏损（2023-2025）
600550,保变电气,电网设备,1,,✓,,,,,,,,资产负债率87%（高杠杆）
600559,老白干酒,酿酒,1,,,,,✓,,,,,多年阴跌：近3年跑输大盘59%、近2年跑输69%、近1年仍跑输，现价在年线下方
600566,济川药业,中药,1,,,,,,✓,,,,长期横盘：近2年涨跌-11.1%、近1年+3.7%，区间振幅仅19%（没有交易价值）
600568,ST中珠,医疗服务,1,,✓,,,,,,,,连续5年亏损（2021-2025）
600579,中化装备,专用设备,1,,✓,,,,,,,,连续7年亏损（2019-2025）
600586,金晶科技,玻璃玻纤,1,,,,,✓,,,,,多年阴跌：近3年跑输大盘48%、近2年跑输58%、近1年仍跑输，现价在年线下方
600587,新华医疗,医疗器械,1,,,,,✓,,,,,多年阴跌：近3年跑输大盘41%、近2年跑输58%、近1年仍跑输，现价在年线下方
600588,用友网络,云服务,1,,✓,,,,,,,,连续3年亏损（2023-2025）
600589,大位科技,云服务,1,,✓,,,,,,,,扣非连续7年亏损（主业不赚钱）；资产负债率86%（高杠杆）
600596,新安股份,化学制品,1,,,,✓,,,,,,保壳特征：扣非连亏2年，靠非经常性损益维持账面盈利
600600,青岛啤酒,酿酒,1,,,,,✓,,,,,多年阴跌：近3年跑输大盘46%、近2年跑输48%、近1年仍跑输，现价在年线下方
600609,金杯汽车,汽车零部件,1,,,,,✓,,,,,多年阴跌：近3年跑输大盘42%、近2年跑输49%、近1年仍跑输，现价在年线下方
600610,中毅达,化学原料,1,,✓,,,,,,,,商誉1.6亿占净资产103%（减值风险）；资产负债率86%（高杠杆）
600611,大众交通,公路铁路,1,,,,✓,,,,,,保壳特征：扣非连亏2年，靠非经常性损益维持账面盈利
600617,国新能源,燃气,1,,✓,,,,,,,,扣非连续9年亏损（主业不赚钱）
600620,天宸股份,综合类,1,,,,,✓,,,,,多年阴跌：近3年跑输大盘69%、近2年跑输35%、近1年仍跑输，现价在年线下方
600622,光大嘉宝,房地产开发,1,,✓,,,,,,,,连续3年亏损（2023-2025）
600624,ST复华,化学制药,1,,✓,,,,,,,,连续6年亏损（2020-2025）
600639,浦东金桥,房地产开发,1,,,,,,✓,,,,长期横盘：近2年涨跌+4.5%、近1年-5.9%，区间振幅仅20%（没有交易价值）
600654,中安科,专业服务,1,,,,✓,,,,,,保壳特征：扣非连亏2年，靠非经常性损益维持账面盈利
600655,豫园股份,商业物业经营,1,,✓,,,,,,,,扣非连续3年亏损（主业不赚钱）
600657,信达地产,房地产开发,1,,,,,✓,,,,,多年阴跌：近3年跑输大盘40%、近2年跑输33%、近1年仍跑输，现价在年线下方
600658,电子城,房地产开发,1,,✓,,,,,,,,连续3年亏损（2023-2025）
600665,天地源,房地产开发,1,,✓,,,,,,,,连续3年亏损（2023-2025）；资产负债率91%（高杠杆）
600666,奥瑞德,半导体,1,,✓,,,,,,,,扣非连续9年亏损（主业不赚钱）
600675,中华企业,房地产开发,1,,,,,✓,,,,,多年阴跌：近3年跑输大盘44%、近2年跑输48%、近1年仍跑输，现价在年线下方
600676,交运股份,综合类,1,,✓,,,,,,,,扣非连续6年亏损（主业不赚钱）
600678,ST金顶,水泥,1,,✓,,,,,,,,扣非连续3年亏损（主业不赚钱）
600683,京投发展,房地产开发,1,,✓,,,,,,,,连续3年亏损（2023-2025）；资产负债率90%（高杠杆）
600691,潞化科技,化学原料,1,,✓,,,,,,,,连续3年亏损（2023-2025）
600698,湖南天雁,汽车零部件,1,,✓,,,,,,,,扣非连续9年亏损（主业不赚钱）
600702,舍得酒业,酿酒,1,,,,,✓,,,,,长期下跌：近1年跑输大盘35%、近2年跑输68%，且现价位于年线下方
600703,三安光电,光学光电,1,,✓,,,,,,,,扣非连续4年亏损（主业不赚钱）
600708,光明地产,房地产开发,1,,✓,,,,,,,,扣非连续3年亏损（主业不赚钱）；资产负债率88%（高杠杆）
600712,南宁百货,一般零售,1,,✓,,,,,,,,扣非连续6年亏损（主业不赚钱）
600716,凤凰股份,房地产开发,1,,✓,,,,,,,,扣非连续4年亏损（主业不赚钱）
600718,东软集团,软件服务,1,,✓,,,,,,,,扣非连续4年亏损（主业不赚钱）
600719,大连热电,电力,1,,✓,,,,,,,,扣非连续5年亏损（主业不赚钱）
600720,中交设计,工程咨询服务,1,,,,,✓,,,,,多年阴跌：近3年跑输大盘46%、近2年跑输66%、近1年仍跑输，现价在年线下方
600725,云维股份,贸易,1,,✓,,,,,,,,扣非连续3年亏损（主业不赚钱）
600730,*ST高科,教育培训,1,,,✓,,,,,,,退市风险：2025年营收0.78亿（低于3亿线）且扣非前后孰低为负（-1.26亿）
600736,苏州高新,房地产开发,1,,,,✓,,,,,,保壳特征：扣非连亏2年，靠非经常性损益维持账面盈利
600743,华远控股,房地产开发,1,,✓,,,,,,,,连续5年亏损（2021-2025）
600744,华银电力,电力,1,,✓,,,,,,,,资产负债率93%（高杠杆）
600745,*ST闻泰,半导体,1,,,,,✓,,,,,长期下跌：近1年跑输大盘48%、近2年跑输74%，且现价位于年线下方
600748,上实发展,房地产开发,1,,✓,,,,,,,,扣非连续3年亏损（主业不赚钱）
600753,ST海钦,贸易,1,,,,,,,✓,,,流动性枯竭：近60日日均成交额0.18亿（低于0.2亿）
600754,锦江酒店,酒店餐饮,1,,✓,,,,,,,,商誉113.6亿占净资产71%（减值风险）
600755,厦门国贸,物流,1,,,,✓,,,,,,保壳特征：扣非连亏2年，靠非经常性损益维持账面盈利
600763,通策医疗,医疗服务,1,,,,,✓,,,,,多年阴跌：近3年跑输大盘64%、近2年跑输61%、近1年仍跑输，现价在年线下方
600764,中国海防,航海装备,1,,,,,✓,,,,,长期下跌：近1年跑输大盘30%、近2年跑输39%，且现价位于年线下方
600765,中航重机,航空装备,1,,,,,✓,,,,,多年阴跌：近3年跑输大盘48%、近2年跑输56%、近1年仍跑输，现价在年线下方
600771,广誉远,中药,1,,,,,✓,,,,,多年阴跌：近3年跑输大盘63%、近2年跑输59%、近1年仍跑输，现价在年线下方
600775,南京熊猫,通信设备,1,,✓,,,,,,,,扣非连续3年亏损（主业不赚钱）
600776,东方通信,通信设备,1,,,,✓,,,,,,保壳特征：扣非连亏2年，靠非经常性损益维持账面盈利
600779,水井坊,酿酒,1,,,,,✓,,,,,长期下跌：近1年跑输大盘26%、近2年跑输56%，且现价位于年线下方
600787,中储股份,物流,1,,,,✓,,,,,,保壳特征：扣非连亏2年，靠非经常性损益维持账面盈利
600791,京能置业,房地产开发,1,,✓,,,,,,,,连续3年亏损（2023-2025）
600792,云煤能源,焦炭加工,1,,✓,,,,,,,,扣非连续5年亏损（主业不赚钱）
600793,宜宾纸业,造纸,1,,✓,,,,,,,,资产负债率87%（高杠杆）
600797,浙大网新,软件服务,1,,✓,,,,,,,,扣非连续3年亏损（主业不赚钱）
600798,宁波海运,航运港口,1,,,,✓,,,,,,保壳特征：扣非连亏2年，靠非经常性损益维持账面盈利
600800,渤海化学,化学原料,1,,✓,,,,,,,,连续4年亏损（2022-2025）
600802,福建水泥,水泥,1,,✓,,,,,,,,连续4年亏损（2022-2025）
600807,济高发展,生物制品,1,,✓,,,,,,,,连续3年亏损（2023-2025）
600808,马钢股份,普钢,1,,✓,,,,,,,,连续4年亏损（2022-2025）
600809,山西汾酒,酿酒,1,,,,,✓,,,,,长期下跌：近1年跑输大盘25%、近2年跑输68%，且现价位于年线下方
600815,厦工股份,工程机械,1,,✓,,,,,,,,扣非连续10年亏损（主业不赚钱）
600818,ST中路,摩托车及其他,1,,,,,✓,,,,,多年阴跌：近3年跑输大盘58%、近2年跑输71%、近1年仍跑输，现价在年线下方
600825,新华传媒,出版业,1,,,,✓,,,,,,保壳特征：扣非连亏2年，靠非经常性损益维持账面盈利
600827,百联股份,一般零售,1,,,,,✓,,,,,多年阴跌：近3年跑输大盘42%、近2年跑输32%、近1年仍跑输，现价在年线下方
600828,茂业商业,一般零售,1,,✓,,,,,,,,扣非连续3年亏损（主业不赚钱）
600831,广电网络,广播电视,1,,✓,,,,,,,,连续3年亏损（2023-2025）；资产负债率100%（高杠杆）
600834,申通地铁,公路铁路,1,,,,,,,✓,,,流动性枯竭：近60日日均成交额0.18亿（低于0.2亿）
600841,动力新科,汽车零部件,1,,✓,,,,,,,,扣非连续4年亏损（主业不赚钱）
600844,金煤科技,化学原料,1,,✓,,,,,,,,连续7年亏损（2019-2025）；资产负债率85%（高杠杆）
600845,宝信软件,软件服务,1,,,,,✓,,,,,多年阴跌：近3年跑输大盘60%、近2年跑输78%、近1年仍跑输，现价在年线下方
600847,万里股份,电池,1,,✓,,,,,,,,连续5年亏损（2021-2025）
600850,电科数字,云服务,1,✓,,,,,,,,,新闻复核入永久黑名单
600855,航天长峰,军工电子,1,,✓,,,,,,,,连续3年亏损（2023-2025）
600859,王府井,一般零售,1,,,,,✓,,,,,多年阴跌：近3年跑输大盘55%、近2年跑输59%、近1年仍跑输，现价在年线下方
600861,北京人力,专业服务,1,,,,,✓,,,,,多年阴跌：近3年跑输大盘47%、近2年跑输34%、近1年仍跑输，现价在年线下方
600866,星湖科技,饲料,1,,,,,✓,,,,,长期下跌：近1年跑输大盘25%、近2年跑输39%，且现价位于年线下方
600868,梅雁吉祥,电力,1,,✓,,,,,,,,连续3年亏损（2023-2025）
600871,石化油服,油服工程,1,,✓,,,,,,,,资产负债率87%（高杠杆）
600876,凯盛新能,玻璃玻纤,1,,,,,✓,,,,,多年阴跌：近3年跑输大盘58%、近2年跑输46%、近1年仍跑输，现价在年线下方
600886,国投电力,电力,1,,,,,,✓,,,,长期横盘：近2年涨跌-6.1%、近1年+5.2%，区间振幅仅16%（没有交易价值）
600889,*ST京化,通用设备,1,,✓,,,,,,,,连续5年亏损（2021-2025）
600892,大晟文化,游戏,1,,✓,,,,,,,,连续3年亏损（2023-2025）；净资产-0.1亿（资不抵债）；资产负债率104%（高杠杆）
600900,长江电力,电力,1,,,,,,✓,,,,长期横盘：近2年涨跌+1.3%、近1年+3.9%，区间振幅仅14%（没有交易价值）
600936,北投科技,软件服务,1,,✓,,,,,,,,连续6年亏损（2020-2025）
600939,重庆建工,房屋建设,1,,✓,,,,,,,,扣非连续4年亏损（主业不赚钱）；资产负债率91%（高杠杆）
600941,中国移动,电信服务,1,,,,,,✓,,,,长期横盘：近2年涨跌+1.1%、近1年-6.2%，区间振幅仅19%（没有交易价值）
600955,维远股份,化学原料,1,,,,,✓,,,,,多年阴跌：近3年跑输大盘40%、近2年跑输44%、近1年仍跑输，现价在年线下方
600960,渤海汽车,汽车零部件,1,,✓,,,,,,,,扣非连续6年亏损（主业不赚钱）
600963,岳阳林纸,造纸,1,,,,,✓,,,,,多年阴跌：近3年跑输大盘53%、近2年跑输35%、近1年仍跑输，现价在年线下方
600975,新五丰,养殖业,1,,,,,✓,,,,,多年阴跌：近3年跑输大盘45%、近2年跑输43%、近1年仍跑输，现价在年线下方
600976,健民集团,中药,1,,,,,✓,,,,,多年阴跌：近3年跑输大盘59%、近2年跑输72%、近1年仍跑输，现价在年线下方
600977,中国电影,影视院线,1,,,,✓,,,,,,保壳特征：扣非连亏2年，靠非经常性损益维持账面盈利
600984,建设机械,工程机械,1,,✓,,,,,,,,连续4年亏损（2022-2025）
600990,四创电子,军工电子,1,,✓,,,,,,,,连续3年亏损（2023-2025）
600992,贵绳股份,通用设备,1,,,,,✓,,,,,多年阴跌：近3年跑输大盘52%、近2年跑输65%、近1年仍跑输，现价在年线下方
600996,贵广网络,广播电视,1,,✓,,,,,,,,连续3年亏损（2023-2025）；资产负债率87%（高杠杆）
600998,九州通,医药商业,1,,,,,,✓,,,,长期横盘：近2年涨跌+13.1%、近1年+1.7%，区间振幅仅19%（没有交易价值）
601010,ST文峰,一般零售,1,,,,,,,,,✓,股价1.50元低于2.0元预警线（逼近面值退市）
601011,宝泰隆,焦炭加工,1,,✓,,,,,,,,连续3年亏损（2023-2025）
601012,隆基绿能,光伏设备,1,,,,,✓,,,,,多年阴跌：近3年跑输大盘67%、近2年跑输52%、近1年仍跑输，现价在年线下方
601015,陕西黑猫,焦炭加工,1,,✓,,,,,,,,连续3年亏损（2023-2025）
601065,江盐集团,化学原料,1,,,,,✓,,,,,多年阴跌：近3年跑输大盘43%、近2年跑输54%、近1年仍跑输，现价在年线下方
601106,中国一重,专用设备,1,,✓,,,,,,,,连续3年亏损（2023-2025）
601118,海南橡胶,种植业,1,,✓,,,,,,,,扣非连续10年亏损（主业不赚钱）
601123,,冶钢原料,1,,,,,,,,✓,,次新股：上市仅8个交易日（无历史规律，上市初无涨跌停限制）
601127,赛力斯,乘用车,1,,,,,✓,,,,,长期下跌：近1年跑输大盘55%、近2年跑输80%，且现价位于年线下方
601158,重庆水务,水务,1,,,,,,✓,,,,长期横盘：近2年涨跌-8.6%、近1年-5.8%，区间振幅仅15%（没有交易价值）
601166,兴业银行,全国性银行,1,,,,,,✓,,,,长期横盘：近2年涨跌+14.7%、近1年-8.2%，区间振幅仅18%（没有交易价值）
601169,北京银行,地方性银行,1,,,,,,✓,,,,长期横盘：近2年涨跌+8.2%、近1年-1.1%，区间振幅仅17%（没有交易价值）
601238,广汽集团,乘用车,1,,,,,✓,,,,,多年阴跌：近3年跑输大盘53%、近2年跑输64%、近1年仍跑输，现价在年线下方
601279,英利汽车,汽车零部件,1,,,,,✓,,,,,多年阴跌：近3年跑输大盘44%、近2年跑输38%、近1年仍跑输，现价在年线下方
601328,交通银行,全国性银行,1,,,,,,✓,,,,长期横盘：近2年涨跌+2.5%、近1年+6.3%，区间振幅仅14%（没有交易价值）
601333,广深铁路,公路铁路,1,,,,,,✓,,,,长期横盘：近2年涨跌-3.6%、近1年-2.8%，区间振幅仅20%（没有交易价值）
601366,利群股份,一般零售,1,,✓,,,,,,,,扣非连续5年亏损（主业不赚钱）
601519,大智慧,软件服务,1,,✓,,,,,,,,扣非连续4年亏损（主业不赚钱）
601607,上海医药,医药商业,1,,,,,,✓,,,,长期横盘：近2年涨跌-11.3%、近1年-7.9%，区间振幅仅18%（没有交易价值）
601633,长城汽车,乘用车,1,,,,,✓,,,,,长期下跌：近1年跑输大盘28%、近2年跑输68%，且现价位于年线下方
601799,星宇股份,汽车零部件,1,,,,,✓,,,,,多年阴跌：近3年跑输大盘51%、近2年跑输74%、近1年仍跑输，现价在年线下方
601800,中国交建,基础建设,1,,,,,✓,,,,,多年阴跌：近3年跑输大盘42%、近2年跑输61%、近1年仍跑输，现价在年线下方
601816,京沪高铁,公路铁路,1,,,,,,✓,,,,长期横盘：近2年涨跌-10.5%、近1年-5.3%，区间振幅仅17%（没有交易价值）
601818,光大银行,全国性银行,1,,,,,,✓,,,,长期横盘：近2年涨跌+3.4%、近1年-8.8%，区间振幅仅17%（没有交易价值）
601860,紫金银行,地方性银行,1,,,,,,✓,,,,长期横盘：近2年涨跌+9.9%、近1年-4.6%，区间振幅仅14%（没有交易价值）
601865,福莱特,光伏设备,1,,,,,✓,,,,,长期下跌：近1年跑输大盘31%、近2年跑输81%，且现价位于年线下方
601880,辽港股份,航运港口,1,,,,,,,,,✓,股价1.50元低于2.0元预警线（逼近面值退市）
601888,中国中免,旅游,1,,,,,✓,,,,,多年阴跌：近3年跑输大盘59%、近2年跑输52%、近1年仍跑输，现价在年线下方
601929,吉视传媒,广播电视,1,,✓,,,,,,,,连续4年亏损（2022-2025）
601933,永辉超市,一般零售,1,,✓,,,,,,,,连续5年亏损（2021-2025）；资产负债率93%（高杠杆）
601965,中国汽研,汽车服务,1,,,,,✓,,,,,多年阴跌：近3年跑输大盘41%、近2年跑输49%、近1年仍跑输，现价在年线下方
601966,玲珑轮胎,汽车零部件,1,,,,,✓,,,,,多年阴跌：近3年跑输大盘54%、近2年跑输66%、近1年仍跑输，现价在年线下方
601997,贵阳银行,地方性银行,1,,,,,,✓,,,,长期横盘：近2年涨跌+14.8%、近1年-0.7%，区间振幅仅11%（没有交易价值）
603000,人民网,数字媒体,1,,,,,✓,,,,,多年阴跌：近3年跑输大盘50%、近2年跑输47%、近1年仍跑输，现价在年线下方
603001,奥康国际,服装家纺,1,,✓,,,,,,,,连续4年亏损（2022-2025）
603007,顺景科技,基础建设,1,,✓,,,,,,,,连续6年亏损（2020-2025）；商誉4.8亿占净资产166%（减值风险）
603011,合锻智能,专用设备,1,,✓,,,,,,,,扣非连续4年亏损（主业不赚钱）
603021,*ST华鹏,家居用品,1,,✓,,,,,,,,连续5年亏损（2021-2025）；净资产-2.4亿（资不抵债）；资产负债率118%（高杠杆）
603027,千禾味业,调味品,1,,,,,✓,,,,,多年阴跌：近3年跑输大盘47%、近2年跑输61%、近1年仍跑输，现价在年线下方
603028,赛福天,通用设备,1,,✓,,,,,,,,资产负债率87%（高杠杆）
603030,全筑股份,装修装饰,1,,✓,,,,,,,,扣非连续5年亏损（主业不赚钱）
603031,安孚科技,电池,1,,✓,,,,,,,,商誉29.1亿占净资产101%（减值风险）
603033,三维股份,橡胶,1,,,,,✓,,,,,长期下跌：近1年跑输大盘26%、近2年跑输61%，且现价位于年线下方
603035,常熟汽饰,汽车零部件,1,,,,,✓,,,,,多年阴跌：近3年跑输大盘46%、近2年跑输46%、近1年仍跑输，现价在年线下方
603042,华脉科技,通信设备,1,,✓,,,,,,,,扣非连续5年亏损（主业不赚钱）
603043,广州酒家,休闲食品,1,,,,,✓,,,,,多年阴跌：近3年跑输大盘46%、近2年跑输40%、近1年仍跑输，现价在年线下方
603051,鹿山新材,化学制品,1,,✓,,,,,,,,扣非连续3年亏损（主业不赚钱）
603060,国检集团,专业服务,1,,,,,✓,,,,,多年阴跌：近3年跑输大盘51%、近2年跑输37%、近1年仍跑输，现价在年线下方
603062,麦加芯彩,化学制品,1,,,,,,,✓,,,流动性枯竭：近60日日均成交额0.19亿（低于0.2亿）
603068,博通集成,半导体,1,,✓,,,,,,,,扣非连续4年亏损（主业不赚钱）
603069,海汽集团,公路铁路,1,,✓,,,,,,,,连续3年亏损（2023-2025）
603081,大丰实业,专用设备,1,,,,,✓,,,,,多年阴跌：近3年跑输大盘42%、近2年跑输31%、近1年仍跑输，现价在年线下方
603108,润达医疗,医药商业,1,,,,,✓,,,,,长期下跌：近1年跑输大盘33%、近2年跑输62%，且现价位于年线下方
603123,翠微股份,多元金融,1,,✓,,,,,,,,连续4年亏损（2022-2025）
603131,上海沪工,通用设备,1,,✓,,,,,,,,扣非连续4年亏损（主业不赚钱）
603135,中重科技,专用设备,1,,,,,✓,,,,,多年阴跌：近3年跑输大盘41%、近2年跑输38%、近1年仍跑输，现价在年线下方
603136,天目湖,旅游,1,,,,,✓,,,,,多年阴跌：近3年跑输大盘41%、近2年跑输37%、近1年仍跑输，现价在年线下方
603138,海量数据,软件服务,1,,✓,,,,,,,,连续4年亏损（2022-2025）
603139,康惠股份,中药,1,,✓,,,,,,,,连续4年亏损（2022-2025）
603168,莎普爱思,化学制药,1,,✓,,,,,,,,扣非连续3年亏损（主业不赚钱）
603185,弘元绿能,光伏设备,1,,,,,✓,,,,,多年阴跌：近3年跑输大盘72%、近2年跑输35%、近1年仍跑输，现价在年线下方
603188,亚邦股份,化学制品,1,,✓,,,,,,,,连续7年亏损（2019-2025）
603197,保隆科技,汽车零部件,1,,,,,✓,,,,,多年阴跌：近3年跑输大盘52%、近2年跑输31%、近1年仍跑输，现价在年线下方
603208,江山欧派,家居用品,1,,,,,✓,,,,,多年阴跌：近3年跑输大盘68%、近2年跑输64%、近1年仍跑输，现价在年线下方
603218,日月股份,风电设备,1,,,,,✓,,,,,多年阴跌：近3年跑输大盘44%、近2年跑输33%、近1年仍跑输，现价在年线下方
603222,济民健康,医疗器械,1,,✓,,,,,,,,连续3年亏损（2023-2025）
603226,菲林格尔,家居用品,1,,✓,,,,,,,,连续3年亏损（2023-2025）
603235,天新药业,化学制药,1,,,,,,,✓,,,流动性枯竭：近60日日均成交额0.15亿（低于0.2亿）
603255,鼎际得,塑料,1,✓,,,,,,,,,新闻复核入永久黑名单
603258,电魂网络,游戏,1,,,,,✓,,,,,多年阴跌：近3年跑输大盘60%、近2年跑输52%、近1年仍跑输，现价在年线下方
603260,合盛硅业,化学制品,1,,,,,✓,,,,,多年阴跌：近3年跑输大盘55%、近2年跑输63%、近1年仍跑输，现价在年线下方
603261,立航科技,航空装备,1,,✓,,,,,,,,连续3年亏损（2023-2025）
603272,*ST联翔,家居用品,1,,,✓,,,,,,,退市风险：2025年营收1.42亿（低于3亿线）且扣非前后孰低为负（-0.16亿）
603279,景津装备,环保设备,1,,,,,✓,,,,,多年阴跌：近3年跑输大盘56%、近2年跑输57%、近1年仍跑输，现价在年线下方
603290,斯达半导,半导体,1,,,,,✓,,,,,多年阴跌：近3年跑输大盘49%、近2年跑输34%、近1年仍跑输，现价在年线下方
603291,联合水务,水务,1,,,,,✓,,,,,多年阴跌：近3年跑输大盘51%、近2年跑输41%、近1年仍跑输，现价在年线下方
603300,海南华铁,多元金融,1,✓,,,,,,,,,新闻复核入永久黑名单
603313,梦百合,家居用品,1,,,,,✓,,,,,多年阴跌：近3年跑输大盘43%、近2年跑输32%、近1年仍跑输，现价在年线下方
603316,诚邦股份,基础建设,1,,✓,,,,,,,,连续4年亏损（2022-2025）
603318,水发燃气,燃气,1,,✓,,,,,,,,商誉10.3亿占净资产54%（减值风险）
603322,超讯科技,通信工程,1,,✓,,,,,,,,资产负债率86%（高杠杆）
603330,天洋新材,化学制品,1,,✓,,,,,,,,连续4年亏损（2022-2025）
603335,迪生力,汽车零部件,1,,✓,,,,,,,,扣非连续4年亏损（主业不赚钱）
603348,文灿股份,汽车零部件,1,,,,,✓,,,,,多年阴跌：近3年跑输大盘75%、近2年跑输70%、近1年仍跑输，现价在年线下方
603356,华菱精工,专用设备,1,,✓,,,,,,,,连续4年亏损（2022-2025）
603369,今世缘,酿酒,1,,,,,✓,,,,,多年阴跌：近3年跑输大盘50%、近2年跑输61%、近1年仍跑输，现价在年线下方
603378,*ST亚士,装饰建材,1,,✓,,,,,,,,净资产-2.9亿（资不抵债）；资产负债率108%（高杠杆）
603381,永臻股份,光伏设备,1,,,,,✓,,,,,长期下跌：近1年跑输大盘29%、近2年跑输69%，且现价位于年线下方
603383,顶点软件,软件服务,1,,,,,✓,,,,,多年阴跌：近3年跑输大盘54%、近2年跑输36%、近1年仍跑输，现价在年线下方
603389,亚振家居,家居用品,1,,✓,,,,,,,,连续5年亏损（2021-2025）
603392,万泰生物,生物制品,1,,,,,✓,,,,,长期下跌：近1年跑输大盘42%、近2年跑输100%，且现价位于年线下方
603398,*ST沐邦,光伏设备,1,,✓,,,,,,,,扣非连续5年亏损（主业不赚钱）；净资产-0.7亿（资不抵债）；资产负债率105%（高杠杆）
603399,永杉锂业,稀有金属,1,,✓,,,,,,,,扣非连续3年亏损（主业不赚钱）
603429,*ST集友,包装印刷,1,,,✓,,,,,,,退市风险：2025年营收1.71亿（低于3亿线）且扣非前后孰低为负（-0.24亿）
603448,,汽车零部件,1,,,,,,,,✓,,次新股：上市仅4个交易日（无历史规律，上市初无涨跌停限制）
603468,津富士达,摩托车及其他,1,,,,,,,,✓,,次新股：上市仅26个交易日（无历史规律，上市初无涨跌停限制）
603477,巨星农牧,养殖业,1,,,,,✓,,,,,多年阴跌：近3年跑输大盘53%、近2年跑输50%、近1年仍跑输，现价在年线下方
603501,豪威集团,半导体,1,,,,,✓,,,,,长期下跌：近1年跑输大盘34%、近2年跑输54%，且现价位于年线下方
603517,ST绝味,休闲食品,1,,,,,✓,,,,,多年阴跌：近3年跑输大盘67%、近2年跑输38%、近1年仍跑输，现价在年线下方
603520,司太立,化学制药,1,,,,,✓,,,,,多年阴跌：近3年跑输大盘44%、近2年跑输39%、近1年仍跑输，现价在年线下方
603528,多伦科技,软件服务,1,,✓,,,,,,,,扣非连续3年亏损（主业不赚钱）
603535,嘉诚国际,物流,1,,,,,✓,,,,,长期下跌：近1年跑输大盘33%、近2年跑输45%，且现价位于年线下方
603536,惠发食品,食品加工,1,,✓,,,,,,,,扣非连续5年亏损（主业不赚钱）
603559,中通国脉,通信工程,1,,✓,,,,,,,,连续6年亏损（2020-2025）
603566,普莱柯,动物保健,1,,,,,✓,,,,,多年阴跌：近3年跑输大盘50%、近2年跑输43%、近1年仍跑输，现价在年线下方
603567,珍宝岛,中药,1,,,,,✓,,,,,长期下跌：近1年跑输大盘39%、近2年跑输85%，且现价位于年线下方
603569,长久物流,物流,1,,,,,✓,,,,,多年阴跌：近3年跑输大盘48%、近2年跑输39%、近1年仍跑输，现价在年线下方
603589,口子窖,酿酒,1,,,,,✓,,,,,长期下跌：近1年跑输大盘25%、近2年跑输78%，且现价位于年线下方
603595,ST东尼,消费电子,1,,✓,,,,,,,,扣非连续3年亏损（主业不赚钱）
603598,引力传媒,广告营销,1,,✓,,,,,,,,资产负债率88%（高杠杆）
603605,珀莱雅,日用化工,1,,,,,✓,,,,,多年阴跌：近3年跑输大盘49%、近2年跑输67%、近1年仍跑输，现价在年线下方
603613,国联股份,产业互联网,1,,,,,✓,,,,,多年阴跌：近3年跑输大盘58%、近2年跑输32%、近1年仍跑输，现价在年线下方
603616,韩建河山,水泥,1,,✓,,,,,,,,连续4年亏损（2022-2025）
603626,科森科技,消费电子,1,,✓,,,,,,,,连续3年亏损（2023-2025）
603633,徕木股份,汽车零部件,1,,,,,✓,,,,,长期下跌：近1年跑输大盘39%、近2年跑输35%，且现价位于年线下方
603660,苏州科达,IT设备,1,,✓,,,,,,,,连续4年亏损（2022-2025）
603665,康隆达,服装家纺,1,,✓,,,,,,,,扣非连续3年亏损（主业不赚钱）
603666,亿嘉和,自动化设备,1,,✓,,,,,,,,连续4年亏损（2022-2025）
603669,灵康药业,化学制药,1,,✓,,,,,,,,连续4年亏损（2022-2025）
603679,华体科技,光学光电,1,,✓,,,,,,,,扣非连续5年亏损（主业不赚钱）
603703,盛洋科技,光学光电,1,,✓,,,,,,,,扣非连续3年亏损（主业不赚钱）
603707,健友股份,生物制品,1,,,,,✓,,,,,多年阴跌：近3年跑输大盘46%、近2年跑输69%、近1年仍跑输，现价在年线下方
603712,七一二,军工电子,1,,,,,✓,,,,,长期下跌：近1年跑输大盘36%、近2年跑输68%，且现价位于年线下方
603716,塞力医疗,医药商业,1,,✓,,,,,,,,连续5年亏损（2021-2025）
603717,天域生物,养殖业,1,,✓,,,,,,,,连续6年亏损（2020-2025）
603719,良品铺子,休闲食品,1,,,,,✓,,,,,多年阴跌：近3年跑输大盘64%、近2年跑输42%、近1年仍跑输，现价在年线下方
603722,阿科力,化学原料,1,,,,,✓,,,,,长期下跌：近1年跑输大盘32%、近2年跑输56%，且现价位于年线下方
603729,ST龙韵,广告营销,1,,,,,,,✓,,,流动性枯竭：近60日日均成交额0.15亿（低于0.2亿）
603733,仙鹤股份,造纸,1,✓,,,,,,,,,新闻复核入永久黑名单
603773,沃格光电,光学光电,1,,✓,,,,,,,,连续5年亏损（2021-2025）
603776,永安行,摩托车及其他,1,,✓,,,,,,,,连续4年亏损（2022-2025）
603778,国晟科技,光伏设备,1,,✓,,,,,,,,连续6年亏损（2020-2025）
603786,科博达,汽车零部件,1,,,,,✓,,,,,多年阴跌：近3年跑输大盘57%、近2年跑输54%、近1年仍跑输，现价在年线下方
603789,ST星农,专用设备,1,,✓,,,,,,,,连续6年亏损（2020-2025）
603800,洪田股份,专用设备,1,,✓,,,,,,,,商誉3.9亿占净资产51%（减值风险）
603801,志邦家居,家居用品,1,,,,,✓,,,,,多年阴跌：近3年跑输大盘68%、近2年跑输62%、近1年仍跑输，现价在年线下方
603803,瑞斯康达,通信设备,1,,✓,,,,,,,,连续3年亏损（2023-2025）
603813,原尚股份,物流,1,,✓,,,,,,,,连续3年亏损（2023-2025）
603815,交建股份,基础建设,1,,,,,✓,,,,,长期下跌：近1年跑输大盘32%、近2年跑输36%，且现价位于年线下方
603818,曲美家居,家居用品,1,,✓,,,,,,,,连续3年亏损（2023-2025）；商誉10.6亿占净资产55%（减值风险）
603833,欧派家居,家居用品,1,,,,,✓,,,,,多年阴跌：近3年跑输大盘66%、近2年跑输63%、近1年仍跑输，现价在年线下方
603838,*ST四通,家居用品,1,,✓,,,,,,,,连续4年亏损（2022-2025）
603843,*ST正平,基础建设,1,,✓,,,,,,,,连续4年亏损（2022-2025）；净资产-1.0亿（资不抵债）；资产负债率98%（高杠杆）
603866,桃李面包,休闲食品,1,,,,,✓,,,,,多年阴跌：近3年跑输大盘50%、近2年跑输49%、近1年仍跑输，现价在年线下方
603868,飞科电器,小家电,1,,,,,✓,,,,,多年阴跌：近3年跑输大盘55%、近2年跑输49%、近1年仍跑输，现价在年线下方
603869,ST智知,软件服务,1,,,,,,,✓,,,流动性枯竭：近60日日均成交额0.09亿（低于0.2亿）
603879,永悦科技,塑料,1,,✓,,,,,,,,连续4年亏损（2022-2025）
603880,南卫股份,医疗器械,1,,✓,,,,,,,,连续5年亏损（2021-2025）
603882,金域医学,医疗服务,1,,,,,✓,,,,,多年阴跌：近3年跑输大盘60%、近2年跑输38%、近1年仍跑输，现价在年线下方
603883,老百姓,医药商业,1,,✓,,,,,,,,商誉56.1亿占净资产80%（减值风险）
603885,吉祥航空,航空机场,1,,,,,✓,,,,,多年阴跌：近3年跑输大盘42%、近2年跑输43%、近1年仍跑输，现价在年线下方
603887,城地香江,云服务,1,,✓,,,,,,,,连续3年亏损（2023-2025）
603895,天永智能,专用设备,1,,✓,,,,,,,,资产负债率88%（高杠杆）
603896,寿仙谷,中药,1,,,,,✓,,,,,多年阴跌：近3年跑输大盘67%、近2年跑输70%、近1年仍跑输，现价在年线下方
603899,晨光股份,文娱用品,1,,,,,✓,,,,,多年阴跌：近3年跑输大盘47%、近2年跑输47%、近1年仍跑输，现价在年线下方
603906,龙蟠科技,电池,1,,✓,,,,,,,,连续3年亏损（2023-2025）
603927,中科软,软件服务,1,,,,,✓,,,,,多年阴跌：近3年跑输大盘45%、近2年跑输48%、近1年仍跑输，现价在年线下方
603936,博敏电子,元器件,1,,✓,,,,,,,,扣非连续3年亏损（主业不赚钱）
603956,威派格,专用设备,1,,✓,,,,,,,,扣非连续4年亏损（主业不赚钱）
603958,哈森股份,服装家纺,1,,✓,,,,,,,,连续6年亏损（2020-2025）
603959,ST百利,专业工程,1,,✓,,,,,,,,连续3年亏损（2023-2025）；净资产-0.8亿（资不抵债）；资产负债率104%（高杠杆）
603978,深圳新星,金属新材料,1,,✓,,,,,,,,连续4年亏损（2022-2025）
603991,领先股份,半导体,1,,✓,,,,,,,,连续7年亏损（2019-2025）
605006,山东玻纤,玻璃玻纤,1,,✓,,,,,,,,扣非连续3年亏损（主业不赚钱）
605011,杭州热电,电力,1,,,,,✓,,,,,多年阴跌：近3年跑输大盘48%、近2年跑输49%、近1年仍跑输，现价在年线下方
605069,正和生态,环境治理,1,,✓,,,,,,,,连续4年亏损（2022-2025）
605108,同庆楼,酒店餐饮,1,,,,,✓,,,,,长期下跌：近1年跑输大盘26%、近2年跑输62%，且现价位于年线下方
605178,时空科技,装修装饰,1,,✓,,,,,,,,连续5年亏损（2021-2025）
605218,伟时电子,光学光电,1,,,,,✓,,,,,长期下跌：近1年跑输大盘31%、近2年跑输60%，且现价位于年线下方
605259,绿田机械,通用设备,1,,,,,,,✓,,,流动性枯竭：近60日日均成交额0.17亿（低于0.2亿）
605300,佳禾食品,饮料乳品,1,,,,,✓,,,,,多年阴跌：近3年跑输大盘58%、近2年跑输41%、近1年仍跑输，现价在年线下方
605303,园林股份,基础建设,1,,✓,,,,,,,,连续4年亏损（2022-2025）
605333,沪光股份,汽车零部件,1,,,,,✓,,,,,长期下跌：近1年跑输大盘38%、近2年跑输69%，且现价位于年线下方
605336,*ST帅电,厨卫电器,1,,,✓,,,,,,,退市风险：2025年营收2.27亿（低于3亿线）且扣非前后孰低为负（-0.70亿）
605358,立昂微,半导体,1,,✓,,,,,,,,扣非连续3年亏损（主业不赚钱）
605369,拱东医疗,医疗器械,1,,,,,✓,,,,,多年阴跌：近3年跑输大盘44%、近2年跑输56%、近1年仍跑输，现价在年线下方
605499,东鹏饮料,饮料乳品,1,,,,,✓,,,,,长期下跌：近1年跑输大盘40%、近2年跑输54%，且现价位于年线下方
688004,博汇科技,软件服务,1,,✓,,,,,,,,连续4年亏损（2022-2025）
688007,光峰科技,消费电子,1,,,,,✓,,,,,长期下跌：近1年跑输大盘43%、近2年跑输69%，且现价位于年线下方
688011,新光光电,军工电子,1,,✓,,,,,,,,连续4年亏损（2022-2025）
688020,方邦股份,元器件,1,,✓,,,,,,,,连续4年亏损（2022-2025）
688023,安恒信息,软件服务,1,,✓,,,,,,,,连续4年亏损（2022-2025）
688027,国盾量子,通信设备,1,,✓,,,,,,,,扣非连续6年亏损（主业不赚钱）
688030,山石网科,软件服务,1,,✓,,,,,,,,连续4年亏损（2022-2025）
688031,星环科技-U,软件服务,1,,✓,,,,,,,,连续4年亏损（2022-2025）
688032,禾迈股份,光伏设备,1,,,,,✓,,,,,多年阴跌：近3年跑输大盘67%、近2年跑输84%、近1年仍跑输，现价在年线下方
688033,*ST天宜,光伏设备,1,✓,,,,,,,,,新闻复核入永久黑名单
688036,传音控股,消费电子,1,,,,,✓,,,,,多年阴跌：近3年跑输大盘41%、近2年跑输66%、近1年仍跑输，现价在年线下方
688038,中科通达,软件服务,1,,✓,,,,,,,,连续4年亏损（2022-2025）
688039,当虹科技,软件服务,1,,✓,,,,,,,,连续4年亏损（2022-2025）
688045,必易微,半导体,1,,✓,,,,,,,,扣非连续3年亏损（主业不赚钱）
688047,龙芯中科,半导体,1,,✓,,,,,,,,连续3年亏损（2023-2025）
688048,长光华芯,半导体,1,,✓,,,,,,,,扣非连续3年亏损（主业不赚钱）
688050,爱博医疗,医疗器械,1,,,,,✓,,,,,长期下跌：近1年跑输大盘41%、近2年跑输89%，且现价位于年线下方
688051,佳华科技,软件服务,1,,✓,,,,,,,,连续5年亏损（2021-2025）
688052,纳芯微,半导体,1,,✓,,,,,,,,连续3年亏损（2023-2025）
688055,龙腾光电,光学光电,1,,✓,,,,,,,,连续3年亏损（2023-2025）
688061,灿瑞科技,半导体,1,,✓,,,,,,,,扣非连续3年亏损（主业不赚钱）
688062,迈威生物-U,生物制品,1,,✓,,,,,,,,连续5年亏损（2021-2025）
688063,派能科技,电池,1,,,,✓,,,,,,保壳特征：扣非连亏2年，靠非经常性损益维持账面盈利
688068,热景生物,生物制品,1,,✓,,,,,,,,扣非连续3年亏损（主业不赚钱）
688071,华依科技,专用设备,1,,✓,,,,,,,,连续3年亏损（2023-2025）
688079,美迪凯,光学光电,1,,✓,,,,,,,,连续3年亏损（2023-2025）
688081,兴图新科,军工电子,1,,✓,,,,,,,,连续5年亏损（2021-2025）
688085,三友医疗,医疗器械,1,,,,,✓,,,,,长期下跌：近1年跑输大盘28%、近2年跑输41%，且现价位于年线下方
688089,嘉必优,化学制品,1,,,,,✓,,,,,长期下跌：近1年跑输大盘53%、近2年跑输77%，且现价位于年线下方
688092,爱科科技,专用设备,1,,,,,,,✓,,,流动性枯竭：近60日日均成交额0.18亿（低于0.2亿）
688096,京源环保,环境治理,1,,✓,,,,,,,,连续3年亏损（2023-2025）
688105,诺唯赞,生物制品,1,,✓,,,,,,,,连续3年亏损（2023-2025）
688107,安路科技,半导体,1,,✓,,,,,,,,连续3年亏损（2023-2025）
688110,东芯股份,半导体,1,,✓,,,,,,,,连续3年亏损（2023-2025）
688114,华大智造,医疗器械,1,,✓,,,,,,,,连续3年亏损（2023-2025）
688126,沪硅产业,半导体,1,,✓,,,,,,,,扣非连续3年亏损（主业不赚钱）
688130,晶华微,半导体,1,,✓,,,,,,,,连续3年亏损（2023-2025）
688137,近岸蛋白,生物制品,1,,✓,,,,,,,,扣非连续3年亏损（主业不赚钱）
688141,杰华特,半导体,1,,✓,,,,,,,,连续3年亏损（2023-2025）
688148,芳源股份,电池,1,,✓,,,,,,,,连续3年亏损（2023-2025）
688152,麒麟信安,软件服务,1,,✓,,,,,,,,扣非连续3年亏损（主业不赚钱）
688153,唯捷创芯,半导体,1,,,,,✓,,,,,多年阴跌：近3年跑输大盘71%、近2年跑输59%、近1年仍跑输，现价在年线下方
688157,松井股份,化学制品,1,,,,,✓,,,,,长期下跌：近1年跑输大盘35%、近2年跑输54%，且现价位于年线下方
688158,优刻得-W,云服务,1,,✓,,,,,,,,连续6年亏损（2020-2025）
688165,埃夫特-U,自动化设备,1,,✓,,,,,,,,连续6年亏损（2020-2025）
688169,石头科技,小家电,1,,,,,✓,,,,,长期下跌：近1年跑输大盘30%、近2年跑输54%，且现价位于年线下方
688173,希荻微,半导体,1,,✓,,,,,,,,连续4年亏损（2022-2025）
688176,亚虹医药-U,生物制品,1,,✓,,,,,,,,连续5年亏损（2021-2025）
688178,万德斯,环境治理,1,,✓,,,,,,,,连续3年亏损（2023-2025）
688180,君实生物-U,生物制品,1,,✓,,,,,,,,连续7年亏损（2019-2025）
688185,康希诺,生物制品,1,,✓,,,,,,,,扣非连续4年亏损（主业不赚钱）
688192,迪哲医药-U,生物制品,1,,✓,,,,,,,,连续5年亏损（2021-2025）
688193,仁度生物,生物制品,1,,✓,,,,,,,,扣非连续3年亏损（主业不赚钱）
688198,佰仁医疗,医疗器械,1,,,,,✓,,,,,长期下跌：近1年跑输大盘29%、近2年跑输65%，且现价位于年线下方
688202,美迪西,医疗服务,1,,✓,,,,,,,,连续3年亏损（2023-2025）
688206,概伦电子,半导体,1,,✓,,,,,,,,扣非连续3年亏损（主业不赚钱）
688207,格灵深瞳,软件服务,1,,✓,,,,,,,,连续3年亏损（2023-2025）
688211,中科微至,专用设备,1,,✓,,,,,,,,扣非连续4年亏损（主业不赚钱）
688216,气派科技,半导体,1,,✓,,,,,,,,连续4年亏损（2022-2025）
688220,翱捷科技-U,半导体,1,,✓,,,,,,,,连续5年亏损（2021-2025）
688221,前沿生物-U,生物制品,1,,✓,,,,,,,,连续6年亏损（2020-2025）
688223,晶科能源,光伏设备,1,,,,,✓,,,,,多年阴跌：近3年跑输大盘72%、近2年跑输81%、近1年仍跑输，现价在年线下方
688225,亚信安全,软件服务,1,,✓,,,,,,,,扣非连续3年亏损（主业不赚钱）
688227,品高股份,云服务,1,,✓,,,,,,,,连续3年亏损（2023-2025）
688229,博睿数据,软件服务,1,,✓,,,,,,,,连续5年亏损（2021-2025）
688232,新点软件,软件服务,1,,,,,✓,,,,,长期下跌：近1年跑输大盘28%、近2年跑输53%，且现价位于年线下方
688238,和元生物,医疗服务,1,,✓,,,,,,,,连续3年亏损（2023-2025）
688244,永信至诚,软件服务,1,,,,,✓,,,,,长期下跌：近1年跑输大盘35%、近2年跑输45%，且现价位于年线下方
688246,嘉和美康,软件服务,1,,,,,✓,,,,,长期下跌：近1年跑输大盘39%、近2年跑输43%，且现价位于年线下方
688260,昀冢科技,消费电子,1,,✓,,,,,,,,连续4年亏损（2022-2025）；资产负债率89%（高杠杆）
688262,国芯科技,半导体,1,,✓,,,,,,,,连续3年亏损（2023-2025）
688266,泽璟制药-U,生物制品,1,,✓,,,,,,,,连续7年亏损（2019-2025）
688275,万润新能,电池,1,,✓,,,,,,,,连续3年亏损（2023-2025）
688276,百克生物,生物制品,1,,,,,✓,,,,,多年阴跌：近3年跑输大盘78%、近2年跑输76%、近1年仍跑输，现价在年线下方
688277,天智航-U,医疗器械,1,,✓,,,,,,,,连续7年亏损（2019-2025）
688282,理工导航,军工电子,1,,✓,,,,,,,,连续3年亏损（2023-2025）
688285,高铁电气,轨交设备,1,,,,,,,✓,,,流动性枯竭：近60日日均成交额0.18亿（低于0.2亿）
688296,和达科技,软件服务,1,,✓,,,,,,,,连续3年亏损（2023-2025）
688303,大全能源,光伏设备,1,,,,,✓,,,,,长期下跌：近1年跑输大盘30%、近2年跑输53%，且现价位于年线下方
688311,盟升电子,军工电子,1,,✓,,,,,,,,连续3年亏损（2023-2025）
688316,青云科技-U,云服务,1,,✓,,,,,,,,连续6年亏损（2020-2025）
688317,之江生物,生物制品,1,,✓,,,,,,,,连续3年亏损（2023-2025）
688323,瑞华泰,塑料,1,,✓,,,,,,,,连续3年亏损（2023-2025）
688326,经纬恒润-W,汽车零部件,1,,,,,✓,,,,,长期下跌：近1年跑输大盘38%、近2年跑输39%，且现价位于年线下方
688327,云从科技-UW,软件服务,1,,✓,,,,,,,,连续5年亏损（2021-2025）
688343,云天励飞-U,软件服务,1,,✓,,,,,,,,连续4年亏损（2022-2025）
688348,昱能科技,光伏设备,1,,,,,✓,,,,,长期下跌：近1年跑输大盘27%、近2年跑输67%，且现价位于年线下方
688349,三一重能,风电设备,1,,,,,✓,,,,,长期下跌：近1年跑输大盘27%、近2年跑输59%，且现价位于年线下方
688353,华盛锂电,电池,1,,✓,,,,,,,,扣非连续3年亏损（主业不赚钱）
688359,三孚新科,电子化学品,1,,✓,,,,,,,,连续4年亏损（2022-2025）
688363,华熙生物,医疗美容,1,,,,,✓,,,,,长期下跌：近1年跑输大盘29%、近2年跑输76%，且现价位于年线下方
688365,光云科技,云服务,1,,✓,,,,,,,,连续5年亏损（2021-2025）
688366,昊海生科,医疗器械,1,,,,,✓,,,,,长期下跌：近1年跑输大盘31%、近2年跑输86%，且现价位于年线下方
688369,致远互联,软件服务,1,,✓,,,,,,,,连续3年亏损（2023-2025）
688370,丛麟科技,环境治理,1,,,,,,,✓,,,流动性枯竭：近60日日均成交额0.14亿（低于0.2亿）
688373,盟科药业-U,化学制药,1,,✓,,,,,,,,连续5年亏损（2021-2025）
688381,帝奥微,半导体,1,,✓,,,,,,,,扣非连续3年亏损（主业不赚钱）
688387,信科移动-U,通信设备,1,,✓,,,,,,,,连续4年亏损（2022-2025）
688389,普门科技,医疗器械,1,,,,,✓,,,,,多年阴跌：近3年跑输大盘46%、近2年跑输56%、近1年仍跑输，现价在年线下方
688391,钜泉科技,半导体,1,,,,,✓,,,,,多年阴跌：近3年跑输大盘45%、近2年跑输36%、近1年仍跑输，现价在年线下方
688399,硕世生物,生物制品,1,,✓,,,,,,,,连续3年亏损（2023-2025）
688408,中信博,光伏设备,1,,,,,✓,,,,,长期下跌：近1年跑输大盘39%、近2年跑输96%，且现价位于年线下方
688416,恒烁股份,半导体,1,,✓,,,,,,,,连续3年亏损（2023-2025）
688420,美腾科技,专用设备,1,,,,,,,✓,,,流动性枯竭：近60日日均成交额0.15亿（低于0.2亿）
688426,康为世纪,生物制品,1,,✓,,,,,,,,连续3年亏损（2023-2025）
688429,时创能源,光伏设备,1,,,,,✓,,,,,长期下跌：近1年跑输大盘25%、近2年跑输76%，且现价位于年线下方
688439,振华风光,军工电子,1,,,,,✓,,,,,长期下跌：近1年跑输大盘25%、近2年跑输60%，且现价位于年线下方
688459,哈铁科技,轨交设备,1,,,,,,,✓,,,流动性枯竭：近60日日均成交额0.10亿（低于0.2亿）
688466,金科环境,环境治理,1,,,,,,,✓,,,流动性枯竭：近60日日均成交额0.18亿（低于0.2亿）
688468,科美诊断,生物制品,1,,,,,,,✓,,,流动性枯竭：近60日日均成交额0.19亿（低于0.2亿）
688469,芯联集成-U,半导体,1,,✓,,,,,,,,连续4年亏损（2022-2025）
688472,阿特斯,光伏设备,1,,,,,✓,,,,,多年阴跌：近3年跑输大盘52%、近2年跑输55%、近1年仍跑输，现价在年线下方
688488,艾迪药业,生物制品,1,,✓,,,,,,,,连续5年亏损（2021-2025）
688509,正元地信,软件服务,1,,✓,,,,,,,,连续3年亏损（2023-2025）
688512,慧智微-U,半导体,1,,✓,,,,,,,,连续4年亏损（2022-2025）
688515,裕太微-U,半导体,1,,✓,,,,,,,,连续4年亏损（2022-2025）
688520,神州细胞,生物制品,1,,,,,✓,,,,,长期下跌：近1年跑输大盘38%、近2年跑输46%，且现价位于年线下方
688521,芯原股份,半导体,1,,✓,,,,,,,,连续3年亏损（2023-2025）
688522,纳睿雷达,军工电子,1,,,,,✓,,,,,长期下跌：近1年跑输大盘38%、近2年跑输55%，且现价位于年线下方
688529,豪森智能,专用设备,1,,✓,,,,,,,,资产负债率89%（高杠杆）
688533,上声电子,汽车零部件,1,,,,,✓,,,,,多年阴跌：近3年跑输大盘59%、近2年跑输43%、近1年仍跑输，现价在年线下方
688538,和辉光电-U,光学光电,1,,✓,,,,,,,,连续6年亏损（2020-2025）
688556,高测股份,光伏设备,1,,,,,✓,,,,,多年阴跌：近3年跑输大盘67%、近2年跑输33%、近1年仍跑输，现价在年线下方
688559,海目星,自动化设备,1,,✓,,,,,,,,资产负债率85%（高杠杆）
688560,明冠新材,光伏设备,1,,✓,,,,,,,,连续3年亏损（2023-2025）
688561,奇安信-U,软件服务,1,,✓,,,,,,,,扣非连续6年亏损（主业不赚钱）
688562,航天软件,软件服务,1,,,,,✓,,,,,多年阴跌：近3年跑输大盘58%、近2年跑输35%、近1年仍跑输，现价在年线下方
688569,铁科轨道,轨交设备,1,,,,,✓,,,,,多年阴跌：近3年跑输大盘52%、近2年跑输40%、近1年仍跑输，现价在年线下方
688573,信宇人,电池,1,,✓,,,,,,,,资产负债率88%（高杠杆）
688575,亚辉龙,生物制品,1,,,,,✓,,,,,多年阴跌：近3年跑输大盘43%、近2年跑输85%、近1年仍跑输，现价在年线下方
688595,芯海科技,半导体,1,,✓,,,,,,,,连续3年亏损（2023-2025）
688598,金博股份,光伏设备,1,,✓,,,,,,,,扣非连续3年亏损（主业不赚钱）
688599,天合光能,光伏设备,1,,,,,✓,,,,,多年阴跌：近3年跑输大盘74%、近2年跑输71%、近1年仍跑输，现价在年线下方
688602,康鹏科技,化学制品,1,,,,,✓,,,,,多年阴跌：近3年跑输大盘46%、近2年跑输33%、近1年仍跑输，现价在年线下方
688609,九联科技,黑色家电,1,,✓,,,,,,,,连续3年亏损（2023-2025）
688613,奥精医疗,医疗器械,1,,,,,✓,,,,,多年阴跌：近3年跑输大盘41%、近2年跑输42%、近1年仍跑输，现价在年线下方
688619,罗普特,IT设备,1,,✓,,,,,,,,连续4年亏损（2022-2025）
688631,莱斯信息,软件服务,1,,,,,✓,,,,,长期下跌：近1年跑输大盘44%、近2年跑输62%，且现价位于年线下方
688638,誉辰智能,电池,1,,,,,,,✓,,,流动性枯竭：近60日日均成交额0.20亿（低于0.2亿）
688639,华恒生物,化学制品,1,,,,,✓,,,,,长期下跌：近1年跑输大盘42%、近2年跑输87%，且现价位于年线下方
688658,悦康药业,化学制药,1,,,,,✓,,,,,长期下跌：近1年跑输大盘42%、近2年跑输68%，且现价位于年线下方
688659,元琛科技,环保设备,1,,✓,,,,,,,,连续3年亏损（2023-2025）
688660,电气风电,风电设备,1,,✓,,,,,,,,连续4年亏损（2022-2025）；资产负债率90%（高杠杆）
688669,聚石化学,塑料,1,,✓,,,,,,,,扣非连续3年亏损（主业不赚钱）
688670,金迪克,生物制品,1,,✓,,,,,,,,连续3年亏损（2023-2025）
688680,海优新材,光伏设备,1,,✓,,,,,,,,连续3年亏损（2023-2025）
688687,凯因科技,生物制品,1,,,,,✓,,,,,长期下跌：近1年跑输大盘36%、近2年跑输55%，且现价位于年线下方
688695,中创股份,软件服务,1,,,,,✓,,,,,长期下跌：近1年跑输大盘28%、近2年跑输72%，且现价位于年线下方
688699,明微电子,半导体,1,,✓,,,,,,,,扣非连续4年亏损（主业不赚钱）
688701,卓锦股份,环境治理,1,,✓,,,,,,,,连续4年亏损（2022-2025）
688702,盛科通信-U,半导体,1,,✓,,,,,,,,连续3年亏损（2023-2025）
688733,壹石通,电池,1,,✓,,,,,,,,扣非连续3年亏损（主业不赚钱）
688765,禾元生物-U,生物制品,1,,,✓,,,,,,,退市风险：2025年营收0.48亿（低于1亿线）且扣非前后孰低为负（-1.57亿）
688788,科思科技,军工电子,1,,✓,,,,,,,,连续4年亏损（2022-2025）
688789,宏华数科,专用设备,1,,,,,✓,,,,,长期下跌：近1年跑输大盘33%、近2年跑输66%，且现价位于年线下方
688797,臻宝科技,半导体,1,,,,,,,,✓,,次新股：上市仅57个交易日（无历史规律，上市初无涨跌停限制）
688819,天能股份,电池,1,,,,,✓,,,,,多年阴跌：近3年跑输大盘44%、近2年跑输39%、近1年仍跑输，现价在年线下方
688825,长鑫科技,半导体,1,,,,,,,,✓,,次新股：上市仅34个交易日（无历史规律，上市初无涨跌停限制）
688826,,光学光电,1,,,,,,,,✓,,次新股：上市仅18个交易日（无历史规律，上市初无涨跌停限制）
688828,,通用设备,1,,,,,,,,✓,,次新股：上市仅23个交易日（无历史规律，上市初无涨跌停限制）
688835,,专用设备,1,,,,,,,,✓,,次新股：上市仅13个交易日（无历史规律，上市初无涨跌停限制）
688836,,自动化设备,1,,,,,,,,✓,,次新股：上市仅17个交易日（无历史规律，上市初无涨跌停限制）
689009,九号公司-WD,摩托车及其他,1,,,,,✓,,,,,长期下跌：近1年跑输大盘35%、近2年跑输53%，且现价位于年线下方
920000,安徽凤凰,汽车零部件,1,,,,,,,✓,,,流动性枯竭：近60日日均成交额0.19亿（低于0.2亿）
920016,中草香料,化学制品,1,,,,,,,✓,,,流动性枯竭：近60日日均成交额0.11亿（低于0.2亿）
920030,德众汽车,汽车服务,1,,,,,,,✓,,,流动性枯竭：近60日日均成交额0.09亿（低于0.2亿）
920038,,化学制品,1,,,,,,,,✓,,次新股：上市仅27个交易日（无历史规律，上市初无涨跌停限制）
920039,国义招标,专业服务,1,,,,,,,✓,,,流动性枯竭：近60日日均成交额0.13亿（低于0.2亿）
920047,诺思兰德,生物制品,1,,✓,,,,,,,,连续5年亏损（2021-2025）
920057,百甲科技,专业工程,1,,,,,,,✓,,,流动性枯竭：近60日日均成交额0.07亿（低于0.2亿）
920059,,汽车零部件,1,,,,,,,,✓,,次新股：上市仅18个交易日（无历史规律，上市初无涨跌停限制）
920065,,电子商务,1,,,,,,,,✓,,次新股：上市仅32个交易日（无历史规律，上市初无涨跌停限制）
920066,科拜尔,塑料,1,,,,,,,✓,,,流动性枯竭：近60日日均成交额0.11亿（低于0.2亿）
920071,,金属新材料,1,,,,,,,,✓,,次新股：上市仅6个交易日（无历史规律，上市初无涨跌停限制）
920072,科莱瑞迪,医疗器械,1,,,,,,,,✓,,次新股：上市仅54个交易日（无历史规律，上市初无涨跌停限制）
920079,乔路铭,汽车零部件,1,,,,,,,,✓,,次新股：上市仅37个交易日（无历史规律，上市初无涨跌停限制）
920081,欧伦电气,小家电,1,,,,,,,,✓,,次新股：上市仅45个交易日（无历史规律，上市初无涨跌停限制）
920082,方正阀门,通用设备,1,,,,,,,✓,,,流动性枯竭：近60日日均成交额0.10亿（低于0.2亿）
920089,禾昌聚合,塑料,1,,,,,,,✓,,,流动性枯竭：近60日日均成交额0.13亿（低于0.2亿）
920093,,专用设备,1,,,,,,,,✓,,次新股：上市仅15个交易日（无历史规律，上市初无涨跌停限制）
920099,瑞华技术,专业工程,1,,,,,,,✓,,,流动性枯竭：近60日日均成交额0.19亿（低于0.2亿）
920107,,化学制品,1,,,,,,,,✓,,次新股：上市仅20个交易日（无历史规律，上市初无涨跌停限制）
920108,宏海科技,家电零部件,1,,,,,,,✓,,,流动性枯竭：近60日日均成交额0.07亿（低于0.2亿）
920110,雷特科技,其他发电设备,1,,,,,,,✓,,,流动性枯竭：近60日日均成交额0.05亿（低于0.2亿）
920117,龙鑫智能,通用设备,1,,,,,,,,✓,,次新股：上市仅41个交易日（无历史规律，上市初无涨跌停限制）
920118,太湖远大,塑料,1,,,,,,,✓,,,流动性枯竭：近60日日均成交额0.17亿（低于0.2亿）
920122,中纺标,专业服务,1,,,,,✓,,,,,长期下跌：近1年跑输大盘33%、近2年跑输73%，且现价位于年线下方
920123,芭薇股份,日用化工,1,,,,,,,✓,,,流动性枯竭：近60日日均成交额0.17亿（低于0.2亿）
920132,泰鹏智能,家居用品,1,,,,,,,✓,,,流动性枯竭：近60日日均成交额0.07亿（低于0.2亿）
920136,永励精密,汽车零部件,1,,,,,,,,✓,,次新股：上市仅46个交易日（无历史规律，上市初无涨跌停限制）
920138,,半导体,1,,,,,,,,✓,,次新股：上市仅22个交易日（无历史规律，上市初无涨跌停限制）
920149,旭杰科技,专业工程,1,,,,,,,✓,,,流动性枯竭：近60日日均成交额0.09亿（低于0.2亿）
920152,昆工科技,金属新材料,1,,✓,,,,,,,,连续3年亏损（2023-2025）；资产负债率86%（高杠杆）
920165,,日用化工,1,,,,,,,,✓,,次新股：上市仅23个交易日（无历史规律，上市初无涨跌停限制）
920171,志晟信息,软件服务,1,,✓,,,,,,,,扣非连续4年亏损（主业不赚钱）
920175,东方碳素,非金属材料,1,,,,,✓,,,,,长期下跌：近1年跑输大盘29%、近2年跑输45%，且现价位于年线下方
920176,维琪科技,日用化工,1,,,,,,,,✓,,次新股：上市仅34个交易日（无历史规律，上市初无涨跌停限制）
920189,康美特,电子化学品,1,,,,,,,,✓,,次新股：上市仅47个交易日（无历史规律，上市初无涨跌停限制）
920193,吉和昌,化学制品,1,,,,,,,,✓,,次新股：上市仅51个交易日（无历史规律，上市初无涨跌停限制）
920195,三祥科技,汽车零部件,1,,,,,,,✓,,,流动性枯竭：近60日日均成交额0.08亿（低于0.2亿）
920204,沪江材料,包装印刷,1,,,,,,,✓,,,流动性枯竭：近60日日均成交额0.11亿（低于0.2亿）
920207,众诚科技,软件服务,1,,✓,,,,,,,,扣非连续3年亏损（主业不赚钱）
920212,智新电子,消费电子,1,,,,,,,✓,,,流动性枯竭：近60日日均成交额0.17亿（低于0.2亿）
920222,益坤电气,电网设备,1,,,,,,,,✓,,次新股：上市仅53个交易日（无历史规律，上市初无涨跌停限制）
920223,荣亿精密,通用设备,1,,✓,,,,,,,,连续3年亏损（2023-2025）
920237,力佳科技,电池,1,,,,,,,✓,,,流动性枯竭：近60日日均成交额0.15亿（低于0.2亿）
920238,长鹰硬科,通用设备,1,,,,,,,,✓,,次新股：上市仅35个交易日（无历史规律，上市初无涨跌停限制）
920242,建邦科技,汽车零部件,1,,,,,,,✓,,,流动性枯竭：近60日日均成交额0.07亿（低于0.2亿）
920245,威博液压,工程机械,1,,,,,,,✓,,,流动性枯竭：近60日日均成交额0.11亿（低于0.2亿）
920258,,化学原料,1,,,,,,,,✓,,次新股：上市仅29个交易日（无历史规律，上市初无涨跌停限制）
920260,中寰股份,专用设备,1,,,,,,,✓,,,流动性枯竭：近60日日均成交额0.07亿（低于0.2亿）
920261,一诺威,化学制品,1,,,,,,,✓,,,流动性枯竭：近60日日均成交额0.16亿（低于0.2亿）
920262,太湖雪,服装家纺,1,,,,,,,✓,,,流动性枯竭：近60日日均成交额0.17亿（低于0.2亿）
920263,中航泰达,环境治理,1,,,,,,,✓,,,流动性枯竭：近60日日均成交额0.08亿（低于0.2亿）
920266,生物谷,中药,1,,✓,,,,,,,,连续4年亏损（2022-2025）
920268,,医疗器械,1,,,,,,,,✓,,次新股：上市仅2个交易日（无历史规律，上市初无涨跌停限制）
920269,,汽车零部件,1,,,,,,,,✓,,次新股：上市仅4个交易日（无历史规律，上市初无涨跌停限制）
920270,天铭科技,汽车零部件,1,,,,,,,✓,,,流动性枯竭：近60日日均成交额0.15亿（低于0.2亿）
920271,邦德股份,汽车零部件,1,,,,,,,✓,,,流动性枯竭：近60日日均成交额0.11亿（低于0.2亿）
920275,驱动力,动物保健,1,,,,,,,✓,,,流动性枯竭：近60日日均成交额0.12亿（低于0.2亿）
920278,鹿得医疗,医疗器械,1,,,,,,,✓,,,流动性枯竭：近60日日均成交额0.12亿（低于0.2亿）
920288,,造纸,1,,,,,,,,✓,,次新股：上市仅10个交易日（无历史规律，上市初无涨跌停限制）
920289,,自动化设备,1,,,,,,,,✓,,次新股：上市仅5个交易日（无历史规律，上市初无涨跌停限制）
920346,威贸电子,消费电子,1,,,,,,,✓,,,流动性枯竭：近60日日均成交额0.10亿（低于0.2亿）
920374,云里物里,通信设备,1,,,,,,,✓,,,流动性枯竭：近60日日均成交额0.14亿（低于0.2亿）
920378,泰德股份,汽车零部件,1,,,,,,,✓,,,流动性枯竭：近60日日均成交额0.07亿（低于0.2亿）
920392,佳合科技,包装印刷,1,,,,,,,✓,,,流动性枯竭：近60日日均成交额0.10亿（低于0.2亿）
920395,朗鸿科技,IT设备,1,,,,,,,✓,,,流动性枯竭：近60日日均成交额0.06亿（低于0.2亿）
920405,海希通讯,自动化设备,1,✓,,,,,,,,,新闻复核入永久黑名单
920407,驰诚股份,通用设备,1,,,,,,,✓,,,流动性枯竭：近60日日均成交额0.10亿（低于0.2亿）
920414,欧普泰,光伏设备,1,,,,,,,✓,,,流动性枯竭：近60日日均成交额0.14亿（低于0.2亿）
920419,路斯股份,饲料,1,,,,,,,✓,,,流动性枯竭：近60日日均成交额0.15亿（低于0.2亿）
920422,润普食品,调味品,1,,,,,,,✓,,,流动性枯竭：近60日日均成交额0.16亿（低于0.2亿）
920445,龙竹科技,家居用品,1,,,,,,,✓,,,流动性枯竭：近60日日均成交额0.18亿（低于0.2亿）
920454,同心传动,汽车零部件,1,,,,,,,✓,,,流动性枯竭：近60日日均成交额0.08亿（低于0.2亿）
920455,汇隆活塞,通用设备,1,,,,,,,✓,,,流动性枯竭：近60日日均成交额0.05亿（低于0.2亿）
920475,三友科技,专用设备,1,,,,,,,✓,,,流动性枯竭：近60日日均成交额0.11亿（低于0.2亿）
920496,许昌智能,电网设备,1,,,,,,,✓,,,流动性枯竭：近60日日均成交额0.14亿（低于0.2亿）
920504,博迅生物,医疗器械,1,,,,,,,✓,,,流动性枯竭：近60日日均成交额0.11亿（低于0.2亿）
920508,殷图网联,电网设备,1,,,,,,,✓,,,流动性枯竭：近60日日均成交额0.14亿（低于0.2亿）
920519,万德股份,化学制品,1,,,,,,,✓,,,流动性枯竭：近60日日均成交额0.09亿（低于0.2亿）
920523,德瑞锂电,电池,1,,,,,,,✓,,,流动性枯竭：近60日日均成交额0.17亿（低于0.2亿）
920541,铁大科技,轨交设备,1,,,,,,,✓,,,流动性枯竭：近60日日均成交额0.08亿（低于0.2亿）
920547,无锡晶海,化学制药,1,,,,,,,✓,,,流动性枯竭：近60日日均成交额0.13亿（低于0.2亿）
920553,凯腾精工,专用设备,1,,,,,,,✓,,,流动性枯竭：近60日日均成交额0.13亿（低于0.2亿）
920556,雅达股份,电网设备,1,,,,,,,✓,,,流动性枯竭：近60日日均成交额0.13亿（低于0.2亿）
920570,坤博精工,通用设备,1,,,,,,,✓,,,流动性枯竭：近60日日均成交额0.15亿（低于0.2亿）
920579,机科股份,通用设备,1,,,,,,,✓,,,流动性枯竭：近60日日均成交额0.16亿（低于0.2亿）
920608,丰安股份,通用设备,1,,,,,,,✓,,,流动性枯竭：近60日日均成交额0.13亿（低于0.2亿）
920639,晨光电缆,电网设备,1,,,,,,,✓,,,流动性枯竭：近60日日均成交额0.11亿（低于0.2亿）
920651,天罡股份,通用设备,1,,,,,,,✓,,,流动性枯竭：近60日日均成交额0.19亿（低于0.2亿）
920656,海昇药业,化学制药,1,,,,,,,✓,,,流动性枯竭：近60日日均成交额0.09亿（低于0.2亿）
920663,明阳科技,汽车零部件,1,,,,,,,✓,,,流动性枯竭：近60日日均成交额0.10亿（低于0.2亿）
920665,科强股份,橡胶,1,,,,,,,✓,,,流动性枯竭：近60日日均成交额0.14亿（低于0.2亿）
920675,秉扬科技,非金属材料,1,,,,,,,✓,,,流动性枯竭：近60日日均成交额0.15亿（低于0.2亿）
920679,前进科技,通用设备,1,,,,,,,✓,,,流动性枯竭：近60日日均成交额0.05亿（低于0.2亿）
920682,球冠电缆,电网设备,1,,,,,,,✓,,,流动性枯竭：近60日日均成交额0.15亿（低于0.2亿）
920689,克莱特,专用设备,1,,,,,,,✓,,,流动性枯竭：近60日日均成交额0.15亿（低于0.2亿）
920693,阿为特,通用设备,1,,,,,✓,,,,,长期下跌：近1年跑输大盘43%、近2年跑输35%，且现价位于年线下方
920694,中裕科技,塑料,1,,,,,,,✓,,,流动性枯竭：近60日日均成交额0.13亿（低于0.2亿）
920717,瑞星股份,专用设备,1,,,,,,,✓,,,流动性枯竭：近60日日均成交额0.15亿（低于0.2亿）
920718,合肥高科,家电零部件,1,,,,,,,✓,,,流动性枯竭：近60日日均成交额0.11亿（低于0.2亿）
920720,吉冈精密,通用设备,1,,,,,,,✓,,,流动性枯竭：近60日日均成交额0.16亿（低于0.2亿）
920729,永顺生物,动物保健,1,,,,,,,✓,,,流动性枯竭：近60日日均成交额0.08亿（低于0.2亿）
920751,惠同新材,金属新材料,1,,,,,,,✓,,,流动性枯竭：近60日日均成交额0.16亿（低于0.2亿）
920768,拾比佰,家电零部件,1,,,,,,,✓,,,流动性枯竭：近60日日均成交额0.11亿（低于0.2亿）
920781,瑞奇智造,专用设备,1,,,,,,,✓,,,流动性枯竭：近60日日均成交额0.13亿（低于0.2亿）
920792,东和新材,装饰建材,1,,,,,,,✓,,,流动性枯竭：近60日日均成交额0.07亿（低于0.2亿）
920799,艾融软件,软件服务,1,,✓,,,,,,,,商誉2.0亿占净资产52%（减值风险）
920802,保丽洁,环保设备,1,,,,,,,✓,,,流动性枯竭：近60日日均成交额0.10亿（低于0.2亿）
920809,安达科技,电池,1,,✓,,,,,,,,连续3年亏损（2023-2025）
920810,春光智能,专用设备,1,,,,,,,✓,,,流动性枯竭：近60日日均成交额0.15亿（低于0.2亿）
920832,齐鲁华信,非金属材料,1,,,,,,,✓,,,流动性枯竭：近60日日均成交额0.05亿（低于0.2亿）
920833,美心翼申,汽车零部件,1,,,,,,,✓,,,流动性枯竭：近60日日均成交额0.12亿（低于0.2亿）
920834,三维装备,塑料,1,,,,,,,✓,,,流动性枯竭：近60日日均成交额0.15亿（低于0.2亿）
920837,华原股份,汽车零部件,1,,,,,,,✓,,,流动性枯竭：近60日日均成交额0.10亿（低于0.2亿）
920839,万通液压,工程机械,1,,,,,,,✓,,,流动性枯竭：近60日日均成交额0.20亿（低于0.2亿）
920855,浙江大农,通用设备,1,,,,,,,✓,,,流动性枯竭：近60日日均成交额0.17亿（低于0.2亿）
920870,恒进感应,通用设备,1,,,,,,,✓,,,流动性枯竭：近60日日均成交额0.18亿（低于0.2亿）
920871,派特尔,塑料,1,,,,,,,✓,,,流动性枯竭：近60日日均成交额0.08亿（低于0.2亿）
920879,基康技术,通用设备,1,,,,,,,✓,,,流动性枯竭：近60日日均成交额0.16亿（低于0.2亿）
920892,广咨国际,工程咨询服务,1,,,,,,,✓,,,流动性枯竭：近60日日均成交额0.12亿（低于0.2亿）
920896,旺成科技,汽车零部件,1,,,,,,,✓,,,流动性枯竭：近60日日均成交额0.08亿（低于0.2亿）
920906,舜宇精工,汽车零部件,1,,,,,,,✓,,,流动性枯竭：近60日日均成交额0.13亿（低于0.2亿）
920926,鸿智科技,小家电,1,,,,,,,✓,,,流动性枯竭：近60日日均成交额0.08亿（低于0.2亿）
920931,无锡鼎邦,专用设备,1,,,,,,,✓,,,流动性枯竭：近60日日均成交额0.10亿（低于0.2亿）
920942,恒立钻具,工程机械,1,,,,,,,✓,,,流动性枯竭：近60日日均成交额0.19亿（低于0.2亿）
920950,迅安科技,其他电子,1,,,,,,,✓,,,流动性枯竭：近60日日均成交额0.04亿（低于0.2亿）
920957,汉维科技,化学制品,1,,,,,,,✓,,,流动性枯竭：近60日日均成交额0.15亿（低于0.2亿）
920961,创远信科,通用设备,1,,,,✓,,,,,,保壳特征：扣非连亏2年，靠非经常性损益维持账面盈利
920970,大禹生物,饲料,1,,✓,,,,,,,,连续3年亏损（2023-2025）
920974,凯大催化,化学制品,1,,,,,,,✓,,,流动性枯竭：近60日日均成交额0.09亿（低于0.2亿）
920982,锦波生物,医疗美容,1,,,,,✓,,,,,长期下跌：近1年跑输大盘50%、近2年跑输51%，且现价位于年线下方
920992,中科美菱,医疗器械,1,,,,,,,✓,,,流动性枯竭：近60日日均成交额0.12亿（低于0.2亿）
